Line;Line;START OPK;END OPK;KM START;KM END;"Content-Type: text/plain; charset=utf-8";"Content-Type: text/plain; charset=utf-8";"Content-Type: text/plain; charset=utf-8";geo_point_2d
9794;W'thur West Unterquerung - W'thur Toss;Winterthur West Unterquerung;Winterthur Toss;51.033;51.718;0;1000000;"{""coordinates"": [[8.71716739222, 47.4921217692], [8.70930994344, 47.4898063841]], ""type"": ""LineString""}";47.49096407665,8.71323866783
9793;W'thur Eichliacker - W'thur Wylandbrucke;Winterthur Eichliacker (Vzw);Winterthur Wylandbrucke (Vzw);54.583;55.495;0;1000000;"{""coordinates"": [[8.71370075634, 47.4881074605], [8.71959354602, 47.4952673938]], ""type"": ""LineString""}";47.49168742715,8.71664715118
9792;Tossmuhle Steigbach-W'thur Eichliacker;Tossmuhle Steigbach (Vzw);Winterthur Eichliacker (Vzw);53.415;54.583;0;1000000;"{""coordinates"": [[8.70653172432, 47.4788163018], [8.71370075634, 47.4881074605]], ""type"": ""LineString""}";47.48346188115,8.710116240329999
9791;Wallisellen Furt - Dietlikon Sud-West;Wallisellen Furt (Vzw);Dietlikon Sud-West (Abzw);109.575;110.826;0;1000000;"{""coordinates"": [[8.60725918287, 47.4108311022], [8.61841308539, 47.4182759904]], ""type"": ""LineString""}";47.4145535463,8.61283613413
9790;Wallisellen Herti - Wallisellen Belair;Zurich Aubrugg (Vzw);Wallisellen Belair (Vzw);106.841;107.8;0;1000000;"{""coordinates"": [[8.57180041381, 47.4131270279], [8.58448632752, 47.4133546872]], ""type"": ""LineString""}";47.41324085755,8.578143370665
9785;Dietlikon Nord - Bruttisellen;Dietlikon Nord (Vzw);Bruttisellen (Km-Sprung);111.28;112.707;0;1000000;"{""coordinates"": [[8.62057546113, 47.4220869647], [8.6357466258, 47.4263298802]], ""type"": ""LineString""}";47.42420842245,8.628161043465
9784;Bassersdorf - Baltenswil (Abzw);Bassersdorf Ost (Vzw);Baltenswil (Abzw);115.136;116.298;0;1000000;"{""coordinates"": [[8.63113963011, 47.4377095751], [8.64374998973, 47.4325699908]], ""type"": ""LineString""}";47.43513978295001,8.637444809920002
9783;Bruttenertunnel Sud;Bassersdorf Ost (Vzw);Mulberg Ost;252.162;253.873;0;1000000;"{""coordinates"": [[8.63113963011, 47.4377095751], [8.65313451903, 47.4381447156]], ""type"": ""LineString""}";47.43792714535,8.642137074570002
9782;Bruttenertunnel Nord;Bassersdorf Ost (Vzw);Mulberg West;152.18;154.0;0;1000000;"{""coordinates"": [[8.63113963011, 47.4377095751], [8.65451358718, 47.4388605321]], ""type"": ""LineString""}";47.4382850536,8.642826608645
9781;Bruttenertunnel Ost;Dietlikon Nord (Vzw);Tossmuhle;450.781;459.781;0;1000000;"{""coordinates"": [[8.62057546113, 47.4220869647], [8.70621045014, 47.4738213515]], ""type"": ""LineString""}";47.4479541581,8.663392955635
9780;Bruttenertunnel West;Dietlikon Nord (Vzw);Tossmuhle;350.772;359.748;0;1000000;"{""coordinates"": [[8.62057546113, 47.4220869647], [8.70621045014, 47.4738213515]], ""type"": ""LineString""}";47.4479541581,8.663392955635
9751;DTLN - BRSL Projekt;Dietlikon Nord (Vzw);Bruttisellen (Km-Sprung);11.28;12.735;0;1000000;"{""coordinates"": [[8.62057546113, 47.4220869647], [8.6357466258, 47.4263298802]], ""type"": ""LineString""}";47.42420842245,8.628161043465
9729;Zurichbergtunnel II;Zurich Stadelhofen Ost (Abzw);Zurich Hottingen Sud (Abzw);151.1;151.746;0;1000000;"{""coordinates"": [[8.55163071135, 47.3662842632], [8.5598247816, 47.3667802843]], ""type"": ""LineString""}";47.366532273749996,8.555727746475
9728;Riesbachtunnel II;Zurich Stadelhofen West (Abzw);Zurich Tiefenbrunnen Nord(Spw);49.998;52.827;0;1000000;"{""coordinates"": [[8.54712628154, 47.3747866664], [8.55982917963, 47.3534033005]], ""type"": ""LineString""}";47.36409498345,8.553477730585001
9724;Meilibach (Abzw) - Sihlbrugg;Meilibach (Abzw);Sihlbrugg;0.0;5.0;0;1000000;"{""coordinates"": [[8.62807594574, 47.2511915687], [8.57705894298, 47.2384279346]], ""type"": ""LineString""}";47.244809751649996,8.60256744436
9722;Nidelbad - Litti;Nidelbad Sud (Abzw);Litti (Baar);10.293;21.0;0;1000000;"{""coordinates"": [[8.54434634419, 47.3070510368], [8.53579702525, 47.2089019376]], ""type"": ""LineString""}";47.2579764872,8.540071684720001
9668;"Projekt Alptransit Spange Rotkreuz""""";Freudenberg;Bruglen (Spw);46.898;48.5;0;1000000;"{""coordinates"": [[8.45235729905, 47.1508593851], [8.44954835753, 47.1331522682]], ""type"": ""LineString""}";47.14200582665,8.45095282829
9571;Ebikon Sud - Neustadttunnel West;Ebikon Sud (Abzw);Neustadttunnel West (Vzw);0.0;0.0;0;1000000;"{""coordinates"": [[8.33632876586, 47.0804726969], [8.29889933969, 47.0482132621]], ""type"": ""LineString""}";47.0643429795,8.317614052775
9553;Neustadttunnel Ost - Neustadttunnel West;Neustadttunnel Ost (Vzw);Neustadttunnel West (Vzw);0.0;0.0;0;1000000;"{""coordinates"": [[8.31083947463, 47.0443720384], [8.29889933969, 47.0482132621]], ""type"": ""LineString""}";47.046292650249995,8.30486940716
9501;Projekt Juradurchstich;Liestal;Olten Nord (Abzw);8.0;27.4;0;1000000;"{""coordinates"": [[7.7313674807, 47.4844611721], [7.91805718578, 47.364970758]], ""type"": ""LineString""}";47.42471596505,7.824712333240001
9461;Gumligen Sud - Rufenacht BE;Gumligen Sud (Abzw);Rufenacht BE (Verzw);8.418;9.962;0;1000000;"{""coordinates"": [[7.51303156765, 46.9299470124], [7.53048715692, 46.9252259668]], ""type"": ""LineString""}";46.9275864896,7.521759362285
9296;Gumligen Sud - Allmendingen BE;Gumligen Sud (Abzw);Allmendingen BE (Verzw);114.71;116.032;0;1000000;"{""coordinates"": [[7.51303156765, 46.9299470124], [7.52649188224, 46.9224671741]], ""type"": ""LineString""}";46.92620709325,7.519761724945
9224;LeLocle - LeLocle-Col-des-Roches (proj);Le Locle;Le Locle-Col-des-Roches;37.067;38.862;0;1000000;"{""coordinates"": [[6.74615327632, 47.0578610419], [6.72607086935, 47.0498855563]], ""type"": ""LineString""}";47.0538732991,6.7361120728350015
9211;Chavornay - Les Granges (Orbe) Projet;Chavornay;Orbe;27.459;31.856;0;1000000;"{""coordinates"": [[6.56816324702, 46.7100845294], [6.53014301172, 46.7244083662]], ""type"": ""LineString""}";46.7172464478,6.549153129369999
9210;La Neuveville - Tuscherz;La Neuveville;Tuscherz;90.049;99.946;0;1000000;"{""coordinates"": [[7.09523241202, 47.0628327873], [7.19731836547, 47.1150077526]], ""type"": ""LineString""}";47.08892026995,7.146275388744999
7744;Zurich Viadukt - Letten (abgebrochen);Zurich Viadukt (Abzw);Zurich Lettentunnel Ende;1.763;5.582;0;1000000;"{""coordinates"": [[8.52073426105, 47.3845830098], [8.54791610375, 47.3676773767]], ""type"": ""LineString""}";47.37613019325,8.5343251824
5020;Bozberg Dienst- und Rettungsstollen;Bozberg Zugangsstollen Sud;Bozberg Zugangsstollen Nord;39.441;41.969;0;1000000;"{""coordinates"": [[8.12897475402, 47.4578534578], [8.10412128567, 47.4731040901]], ""type"": ""LineString""}";47.46547877395,8.116548019845
5011;Bedrettostollen;Bedretto Portal Sudost;Bedretto Portal Nordwest;0.0;5.2;0;1000000;"{""coordinates"": [[8.49490553062, 46.4976522394], [8.44932020269, 46.5322440704]], ""type"": ""LineString""}";46.5149481549,8.472112866655
5010;Sigirino finestra;Sigirino finestra ouvest;Sigirino finestra est;-0.061;2.394;0;1000000;"{""coordinates"": [[8.92568373048, 46.0802204522], [8.9573553017, 46.0815958058]], ""type"": ""LineString""}";46.080908129,8.94151951609
5005;Bodio cunicolo di aggiramento;Bodio cunicolo di aggira. sud;Bodio cunicolo di aggira. nord;0.0;1.262;0;1000000;"{""coordinates"": [[8.92769648692, 46.372472982], [8.91671994391, 46.3800623416]], ""type"": ""LineString""}";46.3762676618,8.922208215415
5004;Faido cunicolo di accesso;Faido cunicolo di acc. ovest;Faido cunicolo di acc. est;-0.079;2.668;0;1000000;"{""coordinates"": [[8.77852140226, 46.4870097547], [8.80627497056, 46.5025147617]], ""type"": ""LineString""}";46.4947622582,8.79239818641
5003;Sedrun Zugangs- und Entluftungsstollen;Sedrun Zugangsstollen;Sedrun Entluftungsstollen;-0.035;1.417;0;1000000;"{""coordinates"": [[8.76980032822, 46.6750741375], [8.77328080698, 46.6624770734]], ""type"": ""LineString""}";46.668775605449994,8.7715405676
5002;Amsteg Kabelstollen;Amsteg Kabelstollen Ost;Amsteg Kabelstollen West;-0.145;1.884;0;1000000;"{""coordinates"": [[8.69691943686, 46.7751439341], [8.67438800361, 46.7665388663]], ""type"": ""LineString""}";46.7708414002,8.685653720234999
5001;Amsteg Zugangsstollen;Amsteg Zugangsstollen West;Amsteg Zugangsstollen Ost;-0.1;1.993;0;1000000;"{""coordinates"": [[8.67063288086, 46.776177198], [8.69743439929, 46.7744264233]], ""type"": ""LineString""}";46.77530181065,8.684033640075
2603;Standseilbahn Piotta - Ritom;Piotta Centrale (funicolare);Piora;0.0;1.0;0;1000000;"{""coordinates"": [[8.6753318595, 46.517703296], [8.67229170343, 46.5272729425]], ""type"": ""LineString""}";46.52248811925,8.673811781465
960;Bever - Scuol-Tarasp;Bever;Scuol-Tarasp;95.6;145.009;0;1000000;"{""coordinates"": [[9.88830864335, 46.5499529997], [10.2862637155, 46.7937119876]], ""type"": ""LineString""}";46.67183249365,10.087286179425
959;Samedan - Pontresina;Samedan;Pontresina;97.71;103.003;0;1000000;"{""coordinates"": [[9.87276231332, 46.5335019661], [9.89575820914, 46.4913358324]], ""type"": ""LineString""}";46.512418899249994,9.88426026123
950;St. Moritz - Tirano;St. Moritz;Tirano;0.0;60.688;0;1000000;"{""coordinates"": [[9.8450935445, 46.4978214255], [10.1667959727, 46.2151599599]], ""type"": ""LineString""}";46.35649069269999,10.005944758599998
940;Reichenau Farsch (Abzw) - St. Moritz;Reichenau Farsch (Abzw);St. Moritz;24.25;102.936;0;1000000;"{""coordinates"": [[9.4045694302, 46.8227282035], [9.8450935445, 46.4978214255]], ""type"": ""LineString""}";46.6602748145,9.62483148735
930;Chur - Arosa;Chur Gleisende RhB;Arosa;-0.68;25.681;0;1000000;"{""coordinates"": [[9.531964938, 46.8583196322], [9.67898213851, 46.7793406559]], ""type"": ""LineString""}";46.81883014405,9.605473538255
920;Landquart RhB - Chur - Disentis;Landquart;Disentis Betriebsgrz. MGB/RhB;0.0;73.018;0;1000000;"{""coordinates"": [[9.55404469208, 46.9674404284], [8.85351934984, 46.7045122814]], ""type"": ""LineString""}";46.8359763549,9.20378202096
915;Klosters - Davos - Filisur;Klosters Platz;Filisur;32.442;69.277;0;1000000;"{""coordinates"": [[9.88056543089, 46.869750721], [9.68191774499, 46.6752078633]], ""type"": ""LineString""}";46.77247929215,9.78124158794
914;Sagliains Nord - Sasslatsch;Sagliains Nord;Sasslatsch;52.14;53.72;0;1000000;"{""coordinates"": [[10.0873831345, 46.7617765312], [10.0860423345, 46.7584774854]], ""type"": ""LineString""}";46.7601270083,10.0867127345
910;Landquart - Klosters - Sagliains;Landquart;Sagliains;0.0;54.53;0;1000000;"{""coordinates"": [[9.55404469208, 46.9674404284], [10.0962328067, 46.763280709]], ""type"": ""LineString""}";46.8653605687,9.82513874939
900;Sargans Ost - Chur West (Gleisende);Sargans Ost;Chur West (Gleisende);0.1;26.71;0;1000000;"{""coordinates"": [[9.44894979333, 47.0432061016], [9.51647460575, 46.8506110635]], ""type"": ""LineString""}";46.946908582549995,9.48271219954
890;Sargans Ost - Ziegelbrucke;Sargans Ost;Ziegelbrucke;-0.098;33.605;0;1000000;"{""coordinates"": [[9.44894979333, 47.0432061016], [9.06005166998, 47.1361559116]], ""type"": ""LineString""}";47.089681006599996,9.254500731655
885;Lindau - Bregenz - Feldkirch - Bludenz;Lindau Insel;Bludenz;0.0;67.75;0;1000000;"{""coordinates"": [[9.68049999943, 47.5441999961], [9.81255899737, 47.1559618689]], ""type"": ""LineString""}";47.3500809325,9.7465294984
884;Buchs - Buchs RB;Buchs SG;Buchs SG RB;18.526;19.351;0;1000000;"{""coordinates"": [[9.47863668892, 47.1684119794], [9.47702761299, 47.1757141498]], ""type"": ""LineString""}";47.172063064599996,9.477832150954999
883;St. Margrethen Ost - Lauterach Nord;St. Margrethen Ost (Abzw);Lauterach Nord (Abzw);0.555;9.58;0;1000000;"{""coordinates"": [[9.64537999409, 47.4519436383], [9.72315544551, 47.4840799855]], ""type"": ""LineString""}";47.4680118119,9.684267719800001
882;Feldkirch - Buchs SG;Feldkirch;Buchs SG;0.0;18.526;0;1000000;"{""coordinates"": [[9.60407252482, 47.241014245], [9.47863668892, 47.1684119794]], ""type"": ""LineString""}";47.2047131122,9.54135460687
881;Sargans Schl. West - Schleife - Trubbach;Sargans Schleife West (Abzw);Trubbach;0.625;5.42;0;1000000;"{""coordinates"": [[9.45417488934, 47.040113837], [9.48034560239, 47.0715830689]], ""type"": ""LineString""}";47.05584845295,9.467260245865
880;Sargans Ost - St.Gallen;Sargans Ost;St. Gallen;-0.105;80.492;0;1000000;"{""coordinates"": [[9.44894979333, 47.0432061016], [9.36989666272, 47.4231789499]], ""type"": ""LineString""}";47.23319252575,9.409423228025
872;Ebnat-Kappel - Nesslau-Neu St.Johann;Ebnat-Kappel;Nesslau-Neu St. Joh. Gleisende;0.003;8.015;0;1000000;"{""coordinates"": [[9.12098748225, 47.2636664107], [9.1988967557, 47.2256201182]], ""type"": ""LineString""}";47.24464326444999,9.159942118975
871;Wattwil - Ebnat-Kappel;Wattwil;Ebnat-Kappel;20.007;24.861;0;1000000;"{""coordinates"": [[9.08648237238, 47.2994772641], [9.12098748225, 47.2636664107]], ""type"": ""LineString""}";47.281571837399994,9.103734927315
870;St.Gallen West - Lichtensteig;St. Gallen West (Abzw);Wattwil;22.52;53.163;0;1000000;"{""coordinates"": [[9.35950099113, 47.4163553155], [9.08648237238, 47.2994772641]], ""type"": ""LineString""}";47.3579162898,9.222991681755001
869;Romanshorn Sud - St.Gallen St.Fiden;Romanshorn Sud (Abzw);St. Gallen St. Fiden;1.158;19.127;0;1000000;"{""coordinates"": [[9.37780027867, 47.5552588156], [9.39344380222, 47.4345403825]], ""type"": ""LineString""}";47.49489959905,9.385622040445
868;Spange SOB Bruggwaldtunnel - St.Fiden;Bruggwaldtunnel (Abzw);St. Gallen St. Fiden Nord;17.558;17.938;0;1000000;"{""coordinates"": [[9.39728361352, 47.445791352], [9.39803091249, 47.442426472]], ""type"": ""LineString""}";47.444108912000004,9.397657263005001
859;St. Gallen AB - Trogen;St. Gallen Betriebsgr. SGA/TB;Trogen Gleisende;0.0;9.83;0;1000000;"{""coordinates"": [[9.36897503531, 47.4222925506], [9.46191203656, 47.4076863243]], ""type"": ""LineString""}";47.414989437450004,9.415443535935
858;Rheineck - Walzenhausen;Rheineck;Walzenhausen;0.034;1.946;0;1000000;"{""coordinates"": [[9.59091263503, 47.4668859339], [9.60135321138, 47.4512676255]], ""type"": ""LineString""}";47.4590767797,9.596132923205
857;Rorschach Ost (Abzw) - Heiden;Rorschach Ost (Abzw);Heiden Gleisende;0.06;5.667;0;1000000;"{""coordinates"": [[9.51347106894, 47.4781841623], [9.53706432077, 47.4455057472]], ""type"": ""LineString""}";47.461844954750006,9.525267694855
856;Altstatten Stadt - Gais;Altstatten Stadt Gleisende;Gais;-0.079;7.654;0;1000000;"{""coordinates"": [[9.53848127699, 47.3772983468], [9.45115444121, 47.3609235728]], ""type"": ""LineString""}";47.36911095979999,9.4948178591
855;St. Gallen AB - Gais - Appenzell;St. Gallen Betriebsgr. SGA/TB;Appenzell;0.0;19.983;0;1000000;"{""coordinates"": [[9.36897503531, 47.4222925506], [9.40952979938, 47.32853478]], ""type"": ""LineString""}";47.3754136653,9.389252417344998
854;Gossau SG - Wasserauen;Gossau SG AB Gleisende;Wasserauen Gleisende;-0.187;32.284;0;1000000;"{""coordinates"": [[9.25067025146, 47.4111923493], [9.42737697489, 47.2842487514]], ""type"": ""LineString""}";47.347720550350004,9.339023613175002
853;Wil Sud - Wattwil - Uznach;Wil Sud (Abzw);Uznach;1.304;34.387;0;1000000;"{""coordinates"": [[9.04337343398, 47.4523008386], [8.98069081394, 47.2242827961]], ""type"": ""LineString""}";47.33829181734999,9.012032123960001
852;Sulgen - Gossau SG;Sulgen;Gossau SG;0.01;22.946;0;1000000;"{""coordinates"": [[9.18369443891, 47.5388040255], [9.25305069333, 47.4118315785]], ""type"": ""LineString""}";47.475317802,9.21837256612
851;Wil - Frauenfeld;Wil FW Bahn Gleisende;Frauenfeld FW Bahn Gleisende;-0.009;17.45;0;1000000;"{""coordinates"": [[9.04119967325, 47.4628321247], [8.89652465928, 47.5578067425]], ""type"": ""LineString""}";47.51031943360001,8.968862166265001
850;St.Gallen - Winterthur Nord;St. Gallen;Winterthur Nord;80.456;137.463;0;1000000;"{""coordinates"": [[9.36989666272, 47.4231789499], [8.72584625888, 47.5031248227]], ""type"": ""LineString""}";47.4631518863,9.0478714608
848;Romanshorn West - Romanshorn Sud (VL);Romanshorn West (Abzw);Romanshorn Sud (Abzw);80.974;81.78;0;1000000;"{""coordinates"": [[9.37074855478, 47.558233751], [9.37780027867, 47.5552588156]], ""type"": ""LineString""}";47.5567462833,9.374274416725001
843;Frauenfeld - Frauenfeld Paketpost;Frauenfeld;Frauenfeld Paketpost;42.051;44.441;0;1000000;"{""coordinates"": [[8.89655967341, 47.5581634046], [8.9214246381, 47.5713004729]], ""type"": ""LineString""}";47.56473193875,8.908992155755
842;Oberwinterthur - SA Punten;Oberwinterthur;Oberwinterthur SA Punten;29.663;31.518;0;1000000;"{""coordinates"": [[8.76038919617, 47.5079223325], [8.77245649455, 47.5224256053]], ""type"": ""LineString""}";47.5151739689,8.76642284536
841;Oberwinterthur - Oberw. Unterhaltanlage;Oberwinterthur;Oberwinterthur Unterhaltanlage;29.663;30.61;0;1000000;"{""coordinates"": [[8.76038919617, 47.5079223325], [8.76782022227, 47.5147998279]], ""type"": ""LineString""}";47.511361080200004,8.76410470922
840;Winterthur Nord - Romanshorn;Winterthur Nord;Romanshorn;26.393;82.151;0;1000000;"{""coordinates"": [[8.72584625888, 47.5031248227], [9.37937129226, 47.5655228649]], ""type"": ""LineString""}";47.534323843799996,9.05260877557
831;Weinfelden - Tagermoos;Weinfelden;Tagermoos (Abzw);19.175;39.594;0;1000000;"{""coordinates"": [[9.10636822199, 47.5662242632], [9.14964818147, 47.6569950633]], ""type"": ""LineString""}";47.61160966325,9.128008201730001
830;Wil - Weinfelden;Wil SG;Weinfelden;-0.003;19.175;0;1000000;"{""coordinates"": [[9.04099305047, 47.4624132427], [9.10636822199, 47.5662242632]], ""type"": ""LineString""}";47.514318752950004,9.07368063623
825;Romanshorn Feld H - Rorschach;Romanshorn Feld H (Abzw);Rorschach;82.57;97.267;0;1000000;"{""coordinates"": [[9.37899304486, 47.5618704802], [9.5051412874, 47.4780019754]], ""type"": ""LineString""}";47.5199362278,9.44206716613
824;Romanshorn - Konstanz;Romanshorn;Konstanz;82.152;101.285;0;1000000;"{""coordinates"": [[9.37937129226, 47.5655228649], [9.17702363783, 47.6580868993]], ""type"": ""LineString""}";47.6118048821,9.278197465045
823;Kreuzlingen - Kreuzlingen Hafen;Kreuzlingen;Kreuzlingen Hafen;60.688;61.802;0;1000000;"{""coordinates"": [[9.16908041834, 47.6525527665], [9.18198226764, 47.6491639566]], ""type"": ""LineString""}";47.65085836155,9.17553134299
822;Etzwilen - Konstanz;Etzwilen;Konstanz;31.809;61.847;0;1000000;"{""coordinates"": [[8.81861734532, 47.6611446798], [9.17702363783, 47.6580868993]], ""type"": ""LineString""}";47.65961578955,8.997820491575
821;Oberwinterthur - Etzwilen West (Abzw);Oberwinterthur;Etzwilen West (Abzw);3.603;31.556;0;1000000;"{""coordinates"": [[8.76038919617, 47.5079223325], [8.81535642386, 47.6605650802]], ""type"": ""LineString""}";47.58424370635,8.787872810015
820;Etzwilen - Schaffhausen;Etzwilen;Schaffhausen;31.809;48.76;0;1000000;"{""coordinates"": [[8.81861734532, 47.6611446798], [8.63275578013, 47.6982815148]], ""type"": ""LineString""}";47.6797130973,8.725686562724999
819;Etzwilen - Singen;Etzwilen;Singen (Hohentwiel);31.809;45.083;0;1000000;"{""coordinates"": [[8.81861734532, 47.6611446798], [8.84098028646, 47.7589681306]], ""type"": ""LineString""}";47.71005640520001,8.829798815890001
810;Engen - Singen (Hohentwil);Engen;Singen (Hohentwiel);134.62;149.13;0;1000000;"{""coordinates"": [[8.77282390623, 47.8558982635], [8.84098028646, 47.7589681306]], ""type"": ""LineString""}";47.80743319705,8.806902096345
770;Bulach - Eglisau - Neuhausen;Bulach;Neuhausen;16.254;40.126;0;1000000;"{""coordinates"": [[8.53620919891, 47.5239499229], [8.62493454562, 47.683133412]], ""type"": ""LineString""}";47.60354166745,8.580571872265
769;Winterthur West - Bulach;Winterthur West (Abzw);Bulach;1.002;16.258;0;1000000;"{""coordinates"": [[8.71730239711, 47.4924520624], [8.53620919891, 47.5239499229]], ""type"": ""LineString""}";47.50820099265,8.62675579801
768;Niederglatt - Tanklager Oberhasli West;Niederglatt ZH;Tanklager Oberhasli (Gleisend);21.204;27.526;0;1000000;"{""coordinates"": [[8.50331557555, 47.4874710201], [8.4647814181, 47.4569445811]], ""type"": ""LineString""}";47.4722078006,8.484048496825
764;Schaffhausen - Singen - Konstanz;Schaffhausen;Konstanz;364.492;414.33;0;1000000;"{""coordinates"": [[8.63275578013, 47.6982815148], [9.17702363783, 47.6580868993]], ""type"": ""LineString""}";47.67818420705,8.90488970898
763;Basel Bad Bhf - Waldshut - Schaffhausen;Basel Bad Bf;Schaffhausen;270.69;364.421;0;1000000;"{""coordinates"": [[7.60692041847, 47.5673079057], [8.63275578013, 47.6982815148]], ""type"": ""LineString""}";47.632794710249996,8.119838099299999
762;Winterthur Nord - Schaffhausen RB Ost;Winterthur Nord;Schaffhausen RB Ost (Ende SBB);26.489;58.834;0;1000000;"{""coordinates"": [[8.72584625888, 47.5031248227], [8.65685398104, 47.7151957824]], ""type"": ""LineString""}";47.609160302549995,8.69135011996
761;Oberglatt - Niederweningen Gleisende;Oberglatt ZH;Niederweningen (Gleisende);13.122;25.389;0;1000000;"{""coordinates"": [[8.51061883625, 47.4702046116], [8.36726010778, 47.5120864058]], ""type"": ""LineString""}";47.4911455087,8.438939472015
760;Zurich Hardbrucke  - Bulach;Zurich Hardbrucke;Bulach;0.211;20.272;0;1000000;"{""coordinates"": [[8.51712620147, 47.3851978915], [8.53620919891, 47.5239499229]], ""type"": ""LineString""}";47.4545739072,8.52666770019
759;Zurich Vbhf Ost - Vbhf Nord;Zurich Vorbahnhof Ost;Zurich Vorbahnhof Nord;1.613;1.759;0;1000000;"{""coordinates"": [[8.52056775795, 47.3830005797], [8.51925165652, 47.383966574]], ""type"": ""LineString""}";47.38348357685,8.519909707235
758;ZH Langstrasse - ZH Vorbahnhof (Gl. P24);Zurich Langstrasse;Zurich Vorbahnhof;0.92;1.985;0;1000000;"{""coordinates"": [[8.52888956481, 47.3812610325], [8.51617022661, 47.3844221618]], ""type"": ""LineString""}";47.38284159715001,8.52252989571
757;Kloten - Dorfnest (Uberwerfung);Kloten;Dorfnest (Abzw);11.3;13.377;0;1000000;"{""coordinates"": [[8.58380969746, 47.4486072856], [8.60956980369, 47.4433780269]], ""type"": ""LineString""}";47.44599265625,8.596689750574999
756;Ueberwerfung Hurlistein;Hurlistein West;Hurlistein Ost;13.68;15.241;0;1000000;"{""coordinates"": [[8.64927407252, 47.4244333784], [8.66953035908, 47.4216360905]], ""type"": ""LineString""}";47.42303473445,8.6594022158
755;ZH Langstrasse - ZH Viadukt;Zurich Langstrasse;Zurich Viadukt (Abzw);0.263;1.102;0;1000000;"{""coordinates"": [[8.52888956481, 47.3812610325], [8.52073426105, 47.3845830098]], ""type"": ""LineString""}";47.382922021149994,8.52481191293
754;Winterthur Gruze - Bauma - Ruti ZH West;Winterthur Gruze;Ruti ZH West (Abzw);2.519;45.858;0;1000000;"{""coordinates"": [[8.75105520262, 47.4987547142], [8.85006753451, 47.261511445]], ""type"": ""LineString""}";47.3801330796,8.800561368564999
753;Effretikon - Wetzikon - Hinwil;Effretikon;Hinwil;-0.019;22.543;0;1000000;"{""coordinates"": [[8.68667914444, 47.4258120599], [8.83971989441, 47.3000569504]], ""type"": ""LineString""}";47.362934505149994,8.763199519425001
752;Zurich Oerlikon Nord - Hurlistein (Abzw);Zurich Oerlikon Nord (Abzw);Hurlistein (Abzw);5.325;18.255;0;1000000;"{""coordinates"": [[8.5490477069, 47.4157681314], [8.66343003227, 47.4224509588]], ""type"": ""LineString""}";47.4191095451,8.606238869584999
751;ZH Langstr. - Wallisellen - Winterthur;Zurich Langstrasse;Winterthur Nord;0.276;26.487;0;1000000;"{""coordinates"": [[8.52888956481, 47.3812610325], [8.72584625888, 47.5031248227]], ""type"": ""LineString""}";47.442192927600004,8.627367911844999
750;ZH Oerlikon Nord - Dorfnest;Zurich Oerlikon Nord (Abzw);Dorfnest (Abzw);5.33;13.374;0;1000000;"{""coordinates"": [[8.5490477069, 47.4157681314], [8.60956980369, 47.4433780269]], ""type"": ""LineString""}";47.42957307915,8.579308755295
748;ZH Altstetten - ZH Oerlikon, DML;Zurich Altstetten Ost (Abzw);Zurich Oerlikon;197.16;206.72;0;1000000;"{""coordinates"": [[8.49508556756, 47.3905683659], [8.54413990999, 47.4115300412]], ""type"": ""LineString""}";47.40104920355,8.519612738774999
747;Neugut West (Abzw) - Chriesbach (Abzw);Neugut West bei DUE (Abzw);Chriesbach (Abzw);107.76;108.741;0;1000000;"{""coordinates"": [[8.60214180152, 47.4031673826], [8.61348859493, 47.4042782175]], ""type"": ""LineString""}";47.403722800050005,8.607815198225001
746;Neugut Ost (Abzw) - Chriesbach (Abzw);Neugut Ost bei DUE (Abzw);Chriesbach (Abzw);108.007;108.714;0;1000000;"{""coordinates"": [[8.60480789653, 47.4044539844], [8.61348859493, 47.4042782175]], ""type"": ""LineString""}";47.40436610095,8.609148245730001
745;ZH Langstrasse - Dietlikon Sud (S-Bahn);Zurich Langstrasse;Dietlikon Sud (Abzw);99.052;109.848;0;1000000;"{""coordinates"": [[8.52888956481, 47.3812610325], [8.61785537569, 47.4173522103]], ""type"": ""LineString""}";47.3993066214,8.57337247025
742;Hinwil - Baretswil - Bauma;Hinwil;Bauma;13.966;25.263;0;1000000;"{""coordinates"": [[8.83971989441, 47.3000569504], [8.87823304223, 47.3688366369]], ""type"": ""LineString""}";47.33444679365,8.858976468320002
740;Rapperswil - Uster - Wallisellen Ost;Rapperswil SG;Wallisellen Ost (Abzw);59.349;92.589;0;1000000;"{""coordinates"": [[8.8167448876, 47.2248872123], [8.59991421681, 47.4106387253]], ""type"": ""LineString""}";47.3177629688,8.708329552205
736;Ziegelbrucke Ost - Linthal Gleisende;Ziegelbrucke Ost (Abzw);Linthal (Gleisende);57.545;84.846;0;1000000;"{""coordinates"": [[9.06412507762, 47.1339091838], [8.9949161106, 46.9226638347]], ""type"": ""LineString""}";47.02828650925,9.02952059411
735;Ziegelbrucke West - Rapperswil Ost;Ziegelbrucke West (Abzw);Rapperswil Ost (Abzw);34.798;58.735;0;1000000;"{""coordinates"": [[9.05525921566, 47.1389016204], [8.82422416754, 47.2253594216]], ""type"": ""LineString""}";47.182130521,8.9397416916
733;Verladeanlage Gubrist;Zurich Affoltern (Abzw);Zurich Gubrist;0.0;0.785;0;1000000;"{""coordinates"": [[8.49574351605, 47.4243158858], [8.48573540961, 47.4245987421]], ""type"": ""LineString""}";47.42445731395,8.49073946283
731;Zurich Stadelhofen - Esslingen;Zurich Stadelhofen FB;Esslingen;0.0;16.407;0;1000000;"{""coordinates"": [[8.54814148162, 47.3663518219], [8.70970446649, 47.287864306]], ""type"": ""LineString""}";47.32710806395,8.628922974055001
730;Zurich Stadelhofen - Rapperswil;Zurich Stadelhofen;Rapperswil SG;5.699;35.973;0;1000000;"{""coordinates"": [[8.54848908845, 47.3666097667], [8.8167448876, 47.2248872123]], ""type"": ""LineString""}";47.2957484895,8.682616988025
727;Zurich HB - Zurich Selnau;Zurich HB SZU Gleisende;Zurich Selnau (KM-Sprung);90.0;91.223;0;1000000;"{""coordinates"": [[8.54125760513, 47.3769427519], [8.53123184343, 47.3707444643]], ""type"": ""LineString""}";47.3738436081,8.53624472428
725;Nidelbad - Nidelbad Ost;Nidelbad (Abzw);Nidelbad Ost (Abzw);9.675;11.375;0;1000000;"{""coordinates"": [[8.54129594927, 47.3122079143], [8.55435393442, 47.3017671631]], ""type"": ""LineString""}";47.3069875387,8.547824941845
723;Nidelbad Sud - Thalwil Nord;Nidelbad Sud (Abzw);Thalwil Nord (Abzw);10.293;11.945;0;1000000;"{""coordinates"": [[8.54434634419, 47.3070510368], [8.56117717008, 47.2989686373]], ""type"": ""LineString""}";47.30300983705,8.552761757135
722;ZH Langstrasse - Nidelbad - Litti;Zurich Langstrasse;Nidelbad Sud (Abzw);1.175;10.293;0;1000000;"{""coordinates"": [[8.52888956481, 47.3812610325], [8.54434634419, 47.3070510368]], ""type"": ""LineString""}";47.34415603465,8.536617954499999
721;Thalwil - Thalwil Sud;Thalwil;Thalwil Sud (Abzw);12.093;12.972;0;1000000;"{""coordinates"": [[8.56476944907, 47.2959814072], [8.57220846055, 47.290043041]], ""type"": ""LineString""}";47.293012224099996,8.56848895481
720;ZH Langstrasse - Thalwil - Ziegelbrucke;Zurich Langstrasse;Ziegelbrucke;1.213;57.146;0;1000000;"{""coordinates"": [[8.52888956481, 47.3812610325], [9.06005166998, 47.1361559116]], ""type"": ""LineString""}";47.25870847205,8.794470617395
719;ZH Langstrasse - ZH Altstetten Sud;Zurich Langstrasse;Zurich Altstetten Sud (Abzw);0.933;3.906;0;1000000;"{""coordinates"": [[8.52888956481, 47.3812610325], [8.49240790114, 47.3906989305]], ""type"": ""LineString""}";47.3859799815,8.510648732975
718;ZH Aussersihl - ZH Altstetten Sud;Zurich Aussersihl (Abzw);Zurich Altstetten Sud (Abzw);1.101;3.89;0;1000000;"{""coordinates"": [[8.52005719556, 47.3788621394], [8.49240790114, 47.3906989305]], ""type"": ""LineString""}";47.384780534949996,8.506232548349999
717;Zurich Giesshubel - Zurich Wiedikon;Zurich Giesshubel;Zurich Wiedikon;0.009;1.069;0;1000000;"{""coordinates"": [[8.52201633411, 47.3626111025], [8.52348543973, 47.3714772284]], ""type"": ""LineString""}";47.36704416545,8.52275088692
716;Zurich Hardbrucke - Zurich Herdern;Zurich Hardbrucke;Zurich Herdern Abstellgruppe;1.918;3.25;0;1000000;"{""coordinates"": [[8.51712620147, 47.3851978915], [8.50141425139, 47.3907183769]], ""type"": ""LineString""}";47.3879581342,8.50927022643
715;Zurich Altstetten Ost - Zurich Hard;Zurich Altstetten Ost (Abzw);Hard Kaferberg (Abzw);-0.212;1.195;0;1000000;"{""coordinates"": [[8.49508556756, 47.3905683659], [8.51144650851, 47.3915285287]], ""type"": ""LineString""}";47.3910484473,8.503266038035001
714;Zurich - Altstetten (Sudeinfahrt);Zurich Langstrasse;Zurich Altstetten Ost (Abzw);0.921;3.719;0;1000000;"{""coordinates"": [[8.52888956481, 47.3812610325], [8.49508556756, 47.3905683659]], ""type"": ""LineString""}";47.3859146992,8.511987566184999
713;Zurich Giesshubel - Uetliberg;Zurich Giesshubel;Uetliberg Gleisende;1.17;9.155;0;1000000;"{""coordinates"": [[8.52201633411, 47.3626111025], [8.48733974777, 47.3514700153]], ""type"": ""LineString""}";47.357040558899996,8.50467804094
712;Zurich Selnau - Adliswil - Sihlbrugg;Zurich Selnau (KM-Sprung);Sihlbrugg;0.0;17.361;0;1000000;"{""coordinates"": [[8.53123184343, 47.3707444643], [8.57705894298, 47.2384279346]], ""type"": ""LineString""}";47.30458619945,8.554145393205001
711;ZH Hardbrucke - Kollermuhle;Zurich Hardbrucke;Kollermuhle (Abzw);1.912;36.368;0;1000000;"{""coordinates"": [[8.51712620147, 47.3851978915], [8.48387328834, 47.1810577699]], ""type"": ""LineString""}";47.283127830699996,8.500499744905
710;Zurich HB - Brugg AG;Zurich Limmatquai Verl. Km-Axe;Brugg AG;-0.1;31.266;0;1000000;"{""coordinates"": [[8.54144242683, 47.3778437305], [8.20884455349, 47.480859835]], ""type"": ""LineString""}";47.429351782750004,8.37514349016
709;Zue Vorbahnhof Nord - Zurich Altstetten;Zurich Langstrasse;Zurich Altstetten;0.878;4.193;0;1000000;"{""coordinates"": [[8.52888956481, 47.3812610325], [8.48896264996, 47.3914830731]], ""type"": ""LineString""}";47.3863720528,8.508926107385
708;Zurich Altstetten - Einfang;Zurich Altstetten;Einfang (Abzw);4.166;6.32;0;1000000;"{""coordinates"": [[8.48896264996, 47.3914830731], [8.4625616885, 47.3988326064]], ""type"": ""LineString""}";47.39515783975,8.475762169229998
706;Zurich Seebach - Glattbrugg Sud;Zurich Seebach Ost (Abzw);Glattbrugg Sud (Abzw);5.459;6.751;0;1000000;"{""coordinates"": [[8.54736246195, 47.4188454878], [8.55896964512, 47.4265452717]], ""type"": ""LineString""}";47.422695379749996,8.553166053535
705;Tanklager Otelfingen Ost - Otelfingen;Tanklager O'fingen (Gleisende);Otelfingen;31.509;33.836;0;1000000;"{""coordinates"": [[8.41570311517, 47.4574995925], [8.38753243209, 47.4549362025]], ""type"": ""LineString""}";47.4562178975,8.40161777363
704;Wurenlos - Killwangen West (RBL);Wurenlos;Killwangen West (Abzw);39.045;40.992;0;1000000;"{""coordinates"": [[8.35766780632, 47.4457594716], [8.34964768587, 47.4352897619]], ""type"": ""LineString""}";47.44052461675,8.353657746095
703;ZH Oerlikon Nord - Wettingen - Gruemet;Zurich Oerlikon Nord (Abzw);Gruemet (Abzw);22.596;50.647;0;1000000;"{""coordinates"": [[8.5490477069, 47.4157681314], [8.26868448746, 47.4268103281]], ""type"": ""LineString""}";47.42128922975,8.408866097179999
702;Turgi - Koblenz - Waldshut;Turgi;Waldshut;27.433;44.435;0;1000000;"{""coordinates"": [[8.25345864571, 47.4917573195], [8.21937405878, 47.6210875345]], ""type"": ""LineString""}";47.556422427,8.236416352245
701;Eglisau - Koblenz - Stein Sackingen Ost;Eglisau;Stein-Sackingen Ost (Abzw);22.247;73.97;0;1000000;"{""coordinates"": [[8.51655801586, 47.572374547], [7.95469803221, 47.5398618766]], ""type"": ""LineString""}";47.5561182118,8.235628024035
700;Brugg - Pratteln Ost;Brugg AG;Pratteln Ost (Abzw);31.273;79.8;0;1000000;"{""coordinates"": [[8.20884455349, 47.480859835], [7.69562183187, 47.5226003176]], ""type"": ""LineString""}";47.5017300763,7.952233192679999
698;Killwangen West -411- Heitersbergl. Ost;Killwangen West (Abzw);Heitersberglinie Ost (Abzw);16.512;17.485;0;1000000;"{""coordinates"": [[8.34964768587, 47.4352897619], [8.33763778509, 47.438061372]], ""type"": ""LineString""}";47.43667556695,8.34364273548
696;Ein-/Ausfahrt RBL Feld A;RBL A-Gruppe;Silberen (Abzw);12.186;13.298;0;1000000;"{""coordinates"": [[8.39636470854, 47.4136568983], [8.386977419, 47.4213547505]], ""type"": ""LineString""}";47.4175058244,8.391671063770001
695;RBL R-Gruppe;RBL Ost;Zurich RB Limmattal;12.665;13.913;0;1000000;"{""coordinates"": [[8.38997942708, 47.4152477471], [8.37731216103, 47.4228441569]], ""type"": ""LineString""}";47.419045952,8.383645794054999
694;RBL Depot;RBL Depot;RBL Ost;12.043;12.665;0;1000000;"{""coordinates"": [[8.3971371593, 47.4124002078], [8.38997942708, 47.4152477471]], ""type"": ""LineString""}";47.413823977449994,8.39355829319
693;RBL Mitte;RBL Depot;RBL Kopf Killwangen;12.043;15.185;0;1000000;"{""coordinates"": [[8.3971371593, 47.4124002078], [8.36430518133, 47.4293894846]], ""type"": ""LineString""}";47.4208948462,8.380721170314999
692;RBL Nord;RBL Kopf Zurich;RBL Kopf Killwangen;11.402;15.214;0;1000000;"{""coordinates"": [[8.40344265768, 47.4086059148], [8.36430518133, 47.4293894846]], ""type"": ""LineString""}";47.4189976997,8.383873919505
691;RBL Kopf Zurich - Killwangen West;RBL Kopf Zurich;Killwangen West (Abzw);11.402;16.518;0;1000000;"{""coordinates"": [[8.40344265768, 47.4086059148], [8.34964768587, 47.4352897619]], ""type"": ""LineString""}";47.42194783835,8.376545171775
673;Biberbrugg - Arth-Goldau;Biberbrugg;Arth-Goldau Ost (Abzw);18.412;38.2;0;1000000;"{""coordinates"": [[8.72271471268, 47.1563786386], [8.55534922377, 47.0486679361]], ""type"": ""LineString""}";47.10252328735,8.639031968225
672;Pfaffikon SZ - Samstagern;Pfaffikon SZ;Samstagern;4.025;12.302;0;1000000;"{""coordinates"": [[8.77812981895, 47.2029974431], [8.68598711615, 47.1915524925]], ""type"": ""LineString""}";47.19727496779999,8.73205846755
671;Rapperswil - Pfaffikon Ost (SOB);Rapperswil SG;Pfaffikon SZ Ost (Abzw);0.021;3.5;0;1000000;"{""coordinates"": [[8.8167448876, 47.2248872123], [8.78569534421, 47.2028673752]], ""type"": ""LineString""}";47.21387729375,8.801220115905
670;Wadenswil - Einsiedeln;Wadenswil;Einsiedeln Gleisende;-0.095;16.645;0;1000000;"{""coordinates"": [[8.67521627099, 47.2293072774], [8.74411256852, 47.1279071113]], ""type"": ""LineString""}";47.17860719434999,8.709664419755
666;Goldau Nord - Goldau Ost;Arth-Goldau Nordwest;Arth-Goldau Ost (Abzw);8.872;9.315;0;1000000;"{""coordinates"": [[8.54955671683, 47.0492579715], [8.55534922377, 47.0486679361]], ""type"": ""LineString""}";47.0489629538,8.5524529703
665;Zug Sud - Arth-Goldau;Zug Sud;Arth-Goldau Nordwest;0.003;15.758;0;1000000;"{""coordinates"": [[8.51569758493, 47.1735352402], [8.54955671683, 47.0492579715]], ""type"": ""LineString""}";47.111396605850004,8.53262715088
664;Zug Nord - Zug Sud;Zug Nord (Abzw);Zug Sud;28.718;29.23;0;1000000;"{""coordinates"": [[8.51628534703, 47.178127773], [8.51569758493, 47.1735352402]], ""type"": ""LineString""}";47.175831506600005,8.515991465980001
660;Thalwil - Zug - Fluhmuhle;Thalwil;Fluhmuhle (Abzw);12.094;64.009;0;1000000;"{""coordinates"": [[8.56476944907, 47.2959814072], [8.28684762136, 47.0566007109]], ""type"": ""LineString""}";47.17629105905,8.425808535215001
657;Wohlen - Villmergen;Wohlen Nord (Abzw);Villmergen Gleisende;0.0;2.09;0;1000000;"{""coordinates"": [[8.26555247494, 47.3513909131], [8.24714790467, 47.345915608]], ""type"": ""LineString""}";47.348653260549995,8.256350189805
656;Bremgarten West - Dietikon BDWM;Bremgarten West;Dietikon AVA;6.952;18.906;0;1000000;"{""coordinates"": [[8.33711091194, 47.3456905658], [8.40536208607, 47.4048748535]], ""type"": ""LineString""}";47.375282709649994,8.371236499005
655;Wohlen BDWM - Bremgarten West;Wohlen BDWM-bd;Bremgarten West;0.013;6.952;0;1000000;"{""coordinates"": [[8.27033129671, 47.3484137245], [8.33711091194, 47.3456905658]], ""type"": ""LineString""}";47.34705214515,8.303721104325
654;Gexi - Hendschiken Nord (Gleis links);Gexi;Hendschiken Nord (Abzw);63.882;64.956;0;1000000;"{""coordinates"": [[8.19264182837, 47.392529356], [8.20552126704, 47.3911715014]], ""type"": ""LineString""}";47.391850428699996,8.199081547705
653;Gexi Ost - Rotkreuz - Immensee West;Gexi Ost (Abzw);Immensee West (Abzw);64.083;106.935;0;1000000;"{""coordinates"": [[8.19523837437, 47.3928962721], [8.4604234478, 47.0933510684]], ""type"": ""LineString""}";47.24312367025,8.327830911085
651;Hubeli - Beinwil - Lenzburg;Hubeli LU;Lenzburg West (Abzw);1.739;42.491;0;1000000;"{""coordinates"": [[8.27875871222, 47.0845089907], [8.16591393764, 47.3926718512]], ""type"": ""LineString""}";47.238590420950004,8.22233632493
650;Killwangen West - Lenzburg - Daniken Ost;Killwangen West (Abzw);Daniken Ost;16.519;48.119;0;1000000;"{""coordinates"": [[8.34964768587, 47.4352897619], [7.98351887038, 47.3584785836]], ""type"": ""LineString""}";47.39688417275,8.166583278125
649;Aarau - Woschnau Tunnel alt;Aarau;Woschnau Tunnel;41.506;42.556;0;1000000;"{""coordinates"": [[8.0512737187, 47.3913595142], [8.03831908023, 47.3879361899]], ""type"": ""LineString""}";47.389647852050004,8.044796399465
648;Brugg Sud - Brugg Nord (VL);Brugg AG Sud (Abzw);Brugg AG Nord (Abzw);31.136;32.46;0;1000000;"{""coordinates"": [[8.20809946437, 47.4719777576], [8.19778244194, 47.4815635562]], ""type"": ""LineString""}";47.4767706569,8.202940953155
647;Brugg - Hendschiken Nord;Brugg AG;Hendschiken Nord (Abzw);-0.001;10.815;0;1000000;"{""coordinates"": [[8.20884455349, 47.480859835], [8.20552126704, 47.3911715014]], ""type"": ""LineString""}";47.43601566820001,8.207182910265
646;Brunegg - Magenwil West (Abzw);Brunegg;Magenwil West (Abzw);0.0;1.287;0;1000000;"{""coordinates"": [[8.22169008494, 47.4204147979], [8.23079983264, 47.4133750205]], ""type"": ""LineString""}";47.416894909199996,8.226244958790002
645;Lenzburg West - Suhr;Lenzburg West (Abzw);Suhr;60.18;67.485;0;1000000;"{""coordinates"": [[8.16591393764, 47.3926718512], [8.08229064021, 47.3716354742]], ""type"": ""LineString""}";47.3821536627,8.124102288924998
644;Aarau - Menziken;Aarau AVA;Menziken Gleisende;0.0;22.14;0;1000000;"{""coordinates"": [[8.05267036788, 47.3910099916], [8.18972257123, 47.2401380012]], ""type"": ""LineString""}";47.315573996400005,8.121196469554999
643;Aarau - Schoftland;Aarau AVA;Schoftland Gleisende;0.0;10.293;0;1000000;"{""coordinates"": [[8.05267036788, 47.3910099916], [8.04938343557, 47.3045398809]], ""type"": ""LineString""}";47.347774936250005,8.051026901724999
641;Rupperswil Ost - Rupperswil Gleis rechts;Rupperswil Ost;Rupperswil;42.451;43.493;0;1000000;"{""coordinates"": [[8.13978470722, 47.4066229964], [8.12695636531, 47.4032902507]], ""type"": ""LineString""}";47.404956623550014,8.133370536265002
640;Brugg - Rupperswil;Brugg AG;Rupperswil;31.276;43.501;0;1000000;"{""coordinates"": [[8.20884455349, 47.480859835], [8.12695636531, 47.4032902507]], ""type"": ""LineString""}";47.44207504285,8.1679004594
639;Monte Olimpino II - Chiasso Smistamento;Bivio Rosales;Chiasso Smistamento;0.56;53.361;0;1000000;"{""coordinates"": [[9.07665439925, 45.7692473752], [8.99907734861, 45.8365050217]], ""type"": ""LineString""}";45.80287619845,9.037865873929999
638;Balerna SM - Chiasso Smistamento;Balerna per Smistamento (bif);Chiasso Smistamento;203.051;205.315;0;1000000;"{""coordinates"": [[9.00000331082, 45.8491526568], [8.99907734861, 45.8365050217]], ""type"": ""LineString""}";45.842828839250004,8.999540329715
637;Chiasso Smistamento - Chiasso;Chiasso Smistamento Nord (bif);Chiasso Ovest (bif);204.4;206.368;0;1000000;"{""coordinates"": [[9.00435917179, 45.8413919185], [9.02694669497, 45.8337908732]], ""type"": ""LineString""}";45.83759139584999,9.01565293338
636;Capolago-Riva S. Vitale - Monte Generoso;Capolago-Riva S. Vitale;Monte Generoso Vetta;0.0;8.99;0;1000000;"{""coordinates"": [[8.97890525715, 45.9028372958], [9.0190585119, 45.9280395777]], ""type"": ""LineString""}";45.915438436749994,8.998981884525001
635;Lugano FLP - Ponte Tresa;Lugano FLP;Ponte Tresa;0.0;12.21;0;1000000;"{""coordinates"": [[8.94787240379, 46.0041693235], [8.85944274807, 45.9698277706]], ""type"": ""LineString""}";45.98699854705,8.903657575930001
634;Mendrisio Sud - Stabio;Mendrisio Sud (bif);Stabio (Confine di proprieta);0.532;6.843;0;1000000;"{""coordinates"": [[8.97421460772, 45.8654495671], [8.9092355804, 45.8379852447]], ""type"": ""LineString""}";45.851717405900004,8.94172509406
633;Taverne-Torricella - Lugano Vedeggio;Taverne-Torricella Sud (bif);Lugano Vedeggio;174.487;178.537;0;1000000;"{""coordinates"": [[8.92837260824, 46.052456276], [8.91770183448, 46.0200516925]], ""type"": ""LineString""}";46.036253984249996,8.923037221360001
632;Sesto Calende - Luino - Pino confine;Sesto Calende;Pino confine;15.14;65.571;0;1000000;"{""coordinates"": [[8.62800749017, 45.7255197115], [8.75646624251, 46.1036392833]], ""type"": ""LineString""}";45.914579497400005,8.69223686634
631;Cadenazzo - Pino confine;Cadenazzo Ovest (bif);Pino confine;161.129;175.894;0;1000000;"{""coordinates"": [[8.92051743438, 46.1544462116], [8.75646624251, 46.1036392833]], ""type"": ""LineString""}";46.12904274745,8.838491838445
630;Giubiasco - Locarno;Giubiasco Sud (bif);Locarno (fine binario);154.358;172.009;0;1000000;"{""coordinates"": [[9.0004465751, 46.1720229748], [8.80048023058, 46.1724633564]], ""type"": ""LineString""}";46.1722431656,8.90046340284
629;Chiasso SM - Gruppo S - Chiasso;Chiasso Smistamento Nord (bif);Chiasso Ovest (bif);204.4;206.379;0;1000000;"{""coordinates"": [[9.00435917179, 45.8413919185], [9.02694669497, 45.8337908732]], ""type"": ""LineString""}";45.83759139584999,9.01565293338
628;S.Cristoforo - Greco Pirelli (S9);Milano S. Cristoforo;Milano Greco Pirelli;5.0;19.38;0;1000000;"{""coordinates"": [[9.13018122805, 45.4424951094], [9.21396328697, 45.5126625497]], ""type"": ""LineString""}";45.47757882955,9.172072257509999
627;Milano Porta Garibaldi - Greco Pirelli;Milano Porta Garibaldi;Milano Greco Pirelli;0.0;3.98;0;1000000;"{""coordinates"": [[9.18797786635, 45.4837703421], [9.21396328697, 45.5126625497]], ""type"": ""LineString""}";45.4982164459,9.20097057666
623;Locarno S. Antonio - Locarno FART;Locarno S. Antonio;Locarno FART;0.0;1.84;0;1000000;"{""coordinates"": [[8.79097774645, 46.1699988137], [8.8029512348, 46.1723739483]], ""type"": ""LineString""}";46.171186381,8.796964490625001
622;Locarno S. Antonio - Ponte Brolla;Locarno S. Antonio;Ponte Brolla;0.0;3.35;0;1000000;"{""coordinates"": [[8.79097774645, 46.1699988137], [8.7534748762, 46.1855569101]], ""type"": ""LineString""}";46.1777778619,8.772226311325
621;Ponte Brolla - Ribellasca;Ponte Brolla;Ribellasca;0.0;13.75;0;1000000;"{""coordinates"": [[8.7534748762, 46.1855569101], [8.60150924047, 46.1541155069]], ""type"": ""LineString""}";46.1698362085,8.677492058335
620;Domodossola - Ribellasca;Domodossola (I);Ribellasca;0.0;32.235;0;1000000;"{""coordinates"": [[8.29623396744, 46.1152477754], [8.60150924047, 46.1541155069]], ""type"": ""LineString""}";46.134681641149996,8.448871603954998
611;Goschenen - Andermatt;Goschenen MGB Gleisende;Andermatt;-0.179;3.767;0;1000000;"{""coordinates"": [[8.58926522535, 46.6671177495], [8.59328041694, 46.6368900877]], ""type"": ""LineString""}";46.6520039186,8.591272821145001
610;Brig - Andermatt - Disentis;Brig MGB-fo;Disentis Betriebsgrz. MGB/RhB;0.0;96.83;0;1000000;"{""coordinates"": [[7.9883625254, 46.3190304929], [8.85351934984, 46.7045122814]], ""type"": ""LineString""}";46.51177138715,8.420940937620001
609;Milano Centrale - Como - Chiasso;Milano Centrale;Chiasso Est;0.0;50.278;0;1000000;"{""coordinates"": [[9.20318796526, 45.4850600743], [9.0368402631, 45.8299445419]], ""type"": ""LineString""}";45.65750230810001,9.12001411418
608;Massagno - Lugano (binario destro);Massagno Nord;Lugano Nord;178.617;179.804;0;1000000;"{""coordinates"": [[8.93265412017, 46.0178228508], [8.94265426752, 46.0102280843]], ""type"": ""LineString""}";46.01402546755,8.937654193844999
607;Mt. Ceneri - Rivera  (binario destro);Monte Ceneri Nord;Rivera-Bironico Nord;162.683;164.749;0;1000000;"{""coordinates"": [[8.9257610538, 46.1442251682], [8.92349051013, 46.1283225201]], ""type"": ""LineString""}";46.13627384415,8.924625781965
606;Al Sasso - Al Motto (binario sinistro);Al Sasso;Al Motto Est;160.014;160.929;0;1000000;"{""coordinates"": [[8.95783546289, 46.1466113334], [8.94915186129, 46.1439968011]], ""type"": ""LineString""}";46.14530406725,8.95349366209
605;Sisikon - Gruonbach (Gleis links);Sisikon;Gruonbach (Spw);26.383;30.384;0;1000000;"{""coordinates"": [[8.62074872767, 46.9492540146], [8.6225064189, 46.9138092361]], ""type"": ""LineString""}";46.931531625350004,8.621627573285
604;Brunnen - Sisikon (Gleis links);Brunnen Sud (Abzw);Sisikon Nord;21.45;25.8;0;1000000;"{""coordinates"": [[8.61031087714, 46.9915717923], [8.62031779207, 46.9537921179]], ""type"": ""LineString""}";46.9726819551,8.615314334605
603;Vitznau - Rigi Staffel;Vitznau;Rigi Kulm;0.0;6.85;0;1000000;"{""coordinates"": [[8.48268521614, 47.0095259776], [8.48436664333, 47.0553890792]], ""type"": ""LineString""}";47.0324575284,8.483525929735
602;Arth Goldau - Rigi Kulm;Arth-Goldau;Rigi Kulm;0.0;8.55;0;1000000;"{""coordinates"": [[8.54944630067, 47.0490448834], [8.48436664333, 47.0553890792]], ""type"": ""LineString""}";47.0522169813,8.516906472
601;Rynacht -  Erstfeld Nord Gleis links;Rynacht (Abzw);Erstfeld Nord (Abzw);38.933;40.921;0;1000000;"{""coordinates"": [[8.6429016033, 46.8434015835], [8.64766580623, 46.8261132751]], ""type"": ""LineString""}";46.8347574293,8.645283704765
600;Immensee - Bellinzona - Chiasso;Immensee West (Abzw);Chiasso Est;0.0;206.654;0;1000000;"{""coordinates"": [[8.4604234478, 47.0933510684], [9.0368402631, 45.8299445419]], ""type"": ""LineString""}";46.461647805149994,8.74863185545
598;Cambiamento binari Faido SMF;Faido SMF Nord;Faido SMF Sud;239.821;240.876;0;1000000;"{""coordinates"": [[8.80751521124, 46.5019871676], [8.8147335526, 46.4939469747]], ""type"": ""LineString""}";46.49796707115,8.81112438192
597;Spurwechsel Sedrun SMF;Sedrun SMF Nord;Sedrun SMF Sud;120.413;121.587;0;1000000;"{""coordinates"": [[8.76840909521, 46.6709790718], [8.77069758767, 46.6605867489]], ""type"": ""LineString""}";46.66578291035,8.76955334144
595;GBT Ost;Rynacht (Spw);Giustizia (dira);99.451;164.016;0;1000000;"{""coordinates"": [[8.64519814033, 46.8383171899], [8.98219842278, 46.3235262684]], ""type"": ""LineString""}";46.580921729150006,8.813698281555
594;GBT West;Rynacht (Abzw);Pozzo Negro (dira);198.882;256.838;0;1000000;"{""coordinates"": [[8.6429016033, 46.8434015835], [8.9254072784, 46.3725834284]], ""type"": ""LineString""}";46.607992505949994,8.78415444085
593;Verbindungslinie CBT Est Camorino;Giubiasco Ovest;Camorino (dira);226.197;227.654;0;1000000;"{""coordinates"": [[8.99127547747, 46.1667539433], [8.98686671774, 46.1549772845]], ""type"": ""LineString""}";46.1608656139,8.989071097604999
592;Verbindungslinie CBT Ovest Camorino Sud;Giubiasco Ovest;Camorino Sud;226.169;228.144;0;1000000;"{""coordinates"": [[8.99127547747, 46.1667539433], [8.98777753158, 46.1506084104]], ""type"": ""LineString""}";46.158681176849996,8.989526504525
591;Verbindungslinie CBT Est Camorino Nord;S. Antonino (dira);Camorino Nord;226.2;227.243;0;1000000;"{""coordinates"": [[8.97630378985, 46.1613198118], [8.9858062254, 46.1585963125]], ""type"": ""LineString""}";46.15995806215,8.981055007624999
590;Verbindungslinie GBT Pollegio Nord;Pozzo Negro (dira);Pollegio Nord (dira);156.818;157.546;0;1000000;"{""coordinates"": [[8.9254072784, 46.3725834284], [8.93216172722, 46.3679947891]], ""type"": ""LineString""}";46.37028910875,8.92878450281
581;CBT Ovest;Camorino Sud;Vezia (bif);328.144;342.915;0;1000000;"{""coordinates"": [[8.98777753158, 46.1506084104], [8.93465558401, 46.0256931622]], ""type"": ""LineString""}";46.0881507863,8.961216557795002
580;CBT Est;Camorino Nord;Vezia (bif);227.243;243.021;0;1000000;"{""coordinates"": [[8.9858062254, 46.1585963125], [8.93465558401, 46.0256931622]], ""type"": ""LineString""}";46.09214473735,8.960230904705
570;Gutsch - Kussnacht - Immensee;Gutsch (Abzw);Immensee West (Abzw);2.218;18.92;0;1000000;"{""coordinates"": [[8.29708954888, 47.0516095164], [8.4604234478, 47.0933510684]], ""type"": ""LineString""}";47.0724802924,8.37875649834
552;Luzern Verbindung Seeverlad;Luzern Einfahrt (Abzw);Luzern Seeverlad;94.466;95.303;0;1000000;"{""coordinates"": [[8.30980277005, 47.0446385494], [8.31886264499, 47.046027851]], ""type"": ""LineString""}";47.0453332002,8.31433270752
551;Luzern Verbindung GB;Luzern Einfahrt (Abzw);Luzern Cargo Gleisende;94.466;95.04;0;1000000;"{""coordinates"": [[8.30980277005, 47.0446385494], [8.31403826927, 47.0489143058]], ""type"": ""LineString""}";47.046776427599994,8.31192051966
543;Sursee - Triengen;Sursee (Abzw);Triengen Gleisende;0.465;9.014;0;1000000;"{""coordinates"": [[8.09568557612, 47.1739677946], [8.07213330297, 47.2356644991]], ""type"": ""LineString""}";47.20481614685,8.083909439545
540;Olten - Woschnau;Olten;Woschnau SBB;39.302;50.9;0;1000000;"{""coordinates"": [[7.90769964791, 47.3519347593], [8.02902608542, 47.3857378753]], ""type"": ""LineString""}";47.3688363173,7.968362866665001
531;Olten Verbindungslinie;Olten Nord (Abzw);Olten Ost (Abzw);37.44;38.375;0;1000000;"{""coordinates"": [[7.91805718578, 47.364970758], [7.92563043101, 47.3586337075]], ""type"": ""LineString""}";47.361802232749994,7.921843808395
530;Basel SBB RB I  - Schweizerhalle;Pratteln West;Basel SBB RB I (Abzw);6.861;7.335;0;1000000;"{""coordinates"": [[7.67204043183, 47.5256274438], [7.67813876155, 47.5247604756]], ""type"": ""LineString""}";47.525193959700005,7.6750895966899995
529;Basel SBB RB II - Birsfelden Ost (Abzw);Basel SBB RB II Ost (Abzw);Birsfelden Ost (Abzw);7.028;10.806;0;1000000;"{""coordinates"": [[7.67381977306, 47.5264697379], [7.6585269862, 47.540995885]], ""type"": ""LineString""}";47.53373281145,7.666173379630001
528;Ruchfeld - Basel SBB Dreispitz;Basel SBB Dreispitz;Ruchfeld;-0.01;0.991;0;1000000;"{""coordinates"": [[7.60721341683, 47.5260785827], [7.61207697256, 47.5339332631]], ""type"": ""LineString""}";47.5300059229,7.609645194695
526;Birsfelderhafen;Birsfelden Hafen (Abzw);Birsfelden Hafen Gleisende;2.161;3.7;0;1000000;"{""coordinates"": [[7.64633341411, 47.5491032394], [7.63177697637, 47.5576877777]], ""type"": ""LineString""}";47.55339550855,7.63905519524
525;Basel SBB RB - Basel Auhafen;Basel SBB RB Nordkopf (Abzw);Basel Auhafen;0.015;3.819;0;1000000;"{""coordinates"": [[7.63236433818, 47.5396484366], [7.66202109558, 47.5386643545]], ""type"": ""LineString""}";47.539156395549995,7.64719271688
523;Basel Bad Bf - Kleinhunigen Hafen;Basel Bad Bf;Kleinhuningen Hafen Gleisende;-0.022;4.98;0;1000000;"{""coordinates"": [[7.60692041847, 47.5673079057], [7.58632502686, 47.5699562277]], ""type"": ""LineString""}";47.5686320667,7.596622722665
522;Umfahrung Nord: Gellert - Pratteln;Gellert Nord (Abzw);Pratteln Ueberwerfung;0.738;7.56;0;1000000;"{""coordinates"": [[7.61528128344, 47.5568225163], [7.67909755306, 47.5233550572]], ""type"": ""LineString""}";47.540088786750005,7.64718941825
521;Umfahrung Sud: Basel SBB RB I - Muttenz;Hagnau (Abzw);Muttenz;2.761;4.838;0;1000000;"{""coordinates"": [[7.62303094192, 47.5415318546], [7.64789442691, 47.5335912119]], ""type"": ""LineString""}";47.53756153325,7.635462684415
520;Gellert - Basel Bad DB;Gellert West (Abzw);Basel Bad Bf;1.521;4.449;0;1000000;"{""coordinates"": [[7.60805308512, 47.5459925787], [7.60692041847, 47.5673079057]], ""type"": ""LineString""}";47.5566502422,7.607486751794999
519;Basel SBB - Gellert: Gleis 400;Basel SBB Nordost (Abzw);Gellert;1.141;2.253;0;1000000;"{""coordinates"": [[7.60333167986, 47.5448957255], [7.61543719004, 47.5492183411]], ""type"": ""LineString""}";47.5470570333,7.60938443495
518;Mullheim (Baden) - Basel Bad Bhf;Mullheim (Baden);Basel Bad Bf;237.3;270.68;0;1000000;"{""coordinates"": [[7.59614979199, 47.8090258172], [7.60692041847, 47.5673079057]], ""type"": ""LineString""}";47.68816686145,7.60153510523
517;Basel Bad Bhf - Zell im Wiesental;Basel Bad Bf;Zell (Wiesental);-1.59;27.16;0;1000000;"{""coordinates"": [[7.60692041847, 47.5673079057], [7.84919999679, 47.7055999972]], ""type"": ""LineString""}";47.636453951449994,7.7280602076300005
516;Weil am Rhein - Lorrach-Stetten;Weil am Rhein;Lorrach-Stetten;0.0;4.84;0;1000000;"{""coordinates"": [[7.60840000046, 47.5939999951], [7.65910000169, 47.6013999985]], ""type"": ""LineString""}";47.5976999968,7.633750001075
514;SNCF Verbindungslinie;Basel SBB West (Abzw);Basel SBB Ost (Abzw);141.382;142.678;0;1000000;"{""coordinates"": [[7.5795673942, 47.546190292], [7.59561994962, 47.5449363683]], ""type"": ""LineString""}";47.54556333015,7.58759367191
513;Basel SBB GB Verbindungslinie;Basel SBB GB VL;Basel SBB GB;121.23;121.718;0;1000000;"{""coordinates"": [[7.61261190507, 47.5389256092], [7.6088322933, 47.5423574611]], ""type"": ""LineString""}";47.54064153515,7.610722099185
512;Ruchfeld - Basel SBB GB St.Jakob;Ruchfeld;Basel SBB GB Ost;120.671;121.722;0;1000000;"{""coordinates"": [[7.61207697256, 47.5339332631], [7.61574793987, 47.5426038467]], ""type"": ""LineString""}";47.5382685549,7.613912456214999
511;Basel SBB - Basel GB - Basel RB;Basel SBB Ost (Abzw);Pratteln Ueberwerfung;0.609;7.496;0;1000000;"{""coordinates"": [[7.59561994962, 47.5449363683], [7.67909755306, 47.5233550572]], ""type"": ""LineString""}";47.53414571275001,7.637358751339999
510;Mulhouse-Ville - Basel SBB;Mulhouse;Basel SBB;108.32;142.203;0;1000000;"{""coordinates"": [[7.34367800211, 47.7423579939], [7.58956279016, 47.5474120551]], ""type"": ""LineString""}";47.6448850245,7.466620396134999
507;Dreispitz - Dornach;Basel, Aeschenplatz;Dornach;-1.8;6.16;0;1000000;"{""coordinates"": [[7.59472302595, 47.5513422055], [7.61079813278, 47.4897379887]], ""type"": ""LineString""}";47.520540097099996,7.602760579365
506;Dreispitz - Aesch Dorf;Basel, Dreispitz;Aesch BL, Dorf;0.0;8.2;0;1000000;"{""coordinates"": [[7.60670696728, 47.5389409512], [7.5965391951, 47.4692517661]], ""type"": ""LineString""}";47.50409635865,7.60162308119
505;Dreispitz - Basel BLT - Rodersdorf;Basel, Aeschenplatz;Rodersdorf, Station;-0.9;16.17;0;1000000;"{""coordinates"": [[7.59472302595, 47.5513422055], [7.45905948421, 47.4810041718]], ""type"": ""LineString""}";47.51617318865,7.52689125508
504;Zofingen - Suhr;Zofingen Nord (Abzw);Suhr;0.412;16.719;0;1000000;"{""coordinates"": [[7.94027718668, 47.2912212132], [8.08229064021, 47.3716354742]], ""type"": ""LineString""}";47.3314283437,8.011283913445
503;Sissach - Laufelfingen - Olten;Sissach;Olten;21.104;39.292;0;1000000;"{""coordinates"": [[7.81202757047, 47.4627541169], [7.90769964791, 47.3519347593]], ""type"": ""LineString""}";47.4073444381,7.8598636091900005
502;Liestal - Waldenburg;Liestal;Waldenburg;0.0;13.07;0;1000000;"{""coordinates"": [[7.7313674807, 47.4844611721], [7.74879716218, 47.3867364893]], ""type"": ""LineString""}";47.4355988307,7.74008232144
501;Muttenz - Adlertunnel - Liestal;Muttenz Ost (Abzw);Liestal Nord (Abzw);6.7;13.834;0;1000000;"{""coordinates"": [[7.65689749594, 47.5307523529], [7.72623095592, 47.4878822562]], ""type"": ""LineString""}";47.50931730455,7.69156422593
500;Basel SBB - Olten - Luzern;Basel SBB;Luzern;0.0;95.093;0;1000000;"{""coordinates"": [[7.58956279016, 47.5474120551], [8.31018320694, 47.0501778281]], ""type"": ""LineString""}";47.29879494159999,7.949872998549999
490;(Paris - Belfort -) Altkirch - Mulhouse;Altkirch;Mulhouse;474.23;490.9;0;1000000;"{""coordinates"": [[7.23773774846, 47.6272938105], [7.34367800211, 47.7423579939]], ""type"": ""LineString""}";47.684825902200004,7.290707875284999
480;Hergiswil - Engelberg;Hergiswil Sud (Abzw);Engelberg;0.259;24.74;0;1000000;"{""coordinates"": [[8.30961830734, 46.9803296703], [8.40298012584, 46.81951711]], ""type"": ""LineString""}";46.89992339015,8.35629921659
475;Brienz - Brienzer Rothorn;Brienz;Brienzer Rothorn;0.0;7.6;0;1000000;"{""coordinates"": [[8.03894632985, 46.754843737], [8.03537045658, 46.7869374218]], ""type"": ""LineString""}";46.7708905794,8.037158393215002
474;Meiringen - Innertkirchen;Meiringen Ost;Innertkirchen Kraftwerke Ost;0.066;5.14;0;1000000;"{""coordinates"": [[8.18501309765, 46.7270100267], [8.23346821532, 46.7012956374]], ""type"": ""LineString""}";46.714152832050004,8.209240656485001
473;Alpnachstad - Pilatus Kulm;Alpnachstad;Pilatus Kulm;0.0;4.8;0;1000000;"{""coordinates"": [[8.27784827202, 46.9550415274], [8.25595869298, 46.9794317915]], ""type"": ""LineString""}";46.967236659449995,8.2669034825
470;Luzern - Meiringen;Luzern Brunig;Meiringen Ost;0.126;45.536;0;1000000;"{""coordinates"": [[8.310871143, 47.0502238974], [8.18501309765, 46.7270100267]], ""type"": ""LineString""}";46.88861696205,8.247942120325
469;Meiringen West - Interlaken Ost Brunig;Meiringen West;Interlaken Brunig (Gleisende);45.905;74.16;0;1000000;"{""coordinates"": [[8.17874258161, 46.7283809692], [7.8672817044, 46.690369447]], ""type"": ""LineString""}";46.7093752081,8.023012143005001
460;Gumligen Sud - Fluhmuhle;Gumligen Sud (Abzw);Fluhmuhle (Abzw);8.44;91.831;0;1000000;"{""coordinates"": [[7.51303156765, 46.9299470124], [8.28684762136, 47.0566007109]], ""type"": ""LineString""}";46.993273861649996,7.899939594505
459;Rutti - Lochligut;Rutti (Abzw);Lochligut (Abzw);100.209;101.277;0;1000000;"{""coordinates"": [[7.46616154166, 46.9899878577], [7.46595467657, 46.9805904013]], ""type"": ""LineString""}";46.9852891295,7.466058109115
457;Hardfeld (Spw) - Mattstetten;Hardfeld (Spw);Mattstetten (Km-Sprung);91.657;93.172;0;1000000;"{""coordinates"": [[7.5279468871, 47.0377869713], [7.51946812455, 47.0260955998]], ""type"": ""LineString""}";47.031941285550005,7.523707505825
456;Oberhard BE - Aespli;Oberhard BE;Aespli;92.086;92.761;0;1000000;"{""coordinates"": [[7.52591558675, 47.0342343378], [7.52352814815, 47.0283996595]], ""type"": ""LineString""}";47.03131699865,7.524721867449999
455;Unterhard BE - Aespli;Unterhard BE;Aespli;91.977;92.766;0;1000000;"{""coordinates"": [[7.52591382237, 47.035270945], [7.52352814815, 47.0283996595]], ""type"": ""LineString""}";47.03183530225,7.52472098526
453;Rothrist Ost - Rothrist Gleis 4;Bifang AG (Spw);Rothrist;44.86;46.2;0;1000000;"{""coordinates"": [[7.89585790285, 47.3108701699], [7.87939646804, 47.3064556794]], ""type"": ""LineString""}";47.30866292465,7.887627185445
452;Rothrist - Zofingen (Kriegsschlaufe);Aarburg-Oftringen West (Abzw);Aarburg-Oftringen Sud (Abzw);0.0;0.833;0;1000000;"{""coordinates"": [[7.90687181051, 47.3136469222], [7.91691898964, 47.3135510987]], ""type"": ""LineString""}";47.313599010450005,7.911895400075
451;Aarburg-Oftringen - Rothrist Gleis 1;Aarburg-Oftringen;Rothrist;43.005;46.198;0;1000000;"{""coordinates"": [[7.90822260672, 47.3202684695], [7.87939646804, 47.3064556794]], ""type"": ""LineString""}";47.31336207445,7.893809537379999
450;Olten Sud - Bern;Olten Sud (Abzw);Bern;40.0;106.156;0;1000000;"{""coordinates"": [[7.90762984066, 47.3456168185], [7.43913088992, 46.9488322905]], ""type"": ""LineString""}";47.1472245545,7.67338036529
445;Huttwil - Wolhusen;Huttwil;Wolhusen;0.0;25.26;0;1000000;"{""coordinates"": [[7.84260766282, 47.1144900419], [8.0797541053, 47.0554879299]], ""type"": ""LineString""}";47.0849889859,7.961180884059999
443;Sumiswald Grunen - Wasen im Emmental;Sumiswald-Grunen;Wasen i.E.;0.004;5.219;0;1000000;"{""coordinates"": [[7.73715325665, 47.0254433462], [7.79136413882, 47.0434158603]], ""type"": ""LineString""}";47.034429603250004,7.764258697735
442;Ramsei - Huttwil;Ramsei;Huttwil;0.009;19.471;0;1000000;"{""coordinates"": [[7.70993011037, 46.9968769975], [7.84260766282, 47.1144900419]], ""type"": ""LineString""}";47.0556835197,7.776268886595
441;Langenthal - Huttwil;Langenthal;Huttwil;-0.035;14.083;0;1000000;"{""coordinates"": [[7.78471513555, 47.2173028715], [7.84260766282, 47.1144900419]], ""type"": ""LineString""}";47.1658964567,7.8136613991849995
440;Burgdorf West - Obermatt;Burgdorf West (Abzw);Obermatt;21.305;39.651;0;1000000;"{""coordinates"": [[7.61631326579, 47.0611177325], [7.75381310672, 46.9509664195]], ""type"": ""LineString""}";47.006042076,7.685063186255
430;Hasle Ruegsau - Thun;Hasle-Ruegsau;Thun (Abzw);-0.019;33.04;0;1000000;"{""coordinates"": [[7.65532241986, 47.0162627866], [7.62122299102, 46.7601319542]], ""type"": ""LineString""}";46.8881973704,7.63827270544
421;Solothurn RM - Burgdorf West;Solothurn RM (Abzw);Burgdorf West (Abzw);0.306;20.459;0;1000000;"{""coordinates"": [[7.54070010935, 47.2036695826], [7.61631326579, 47.0611177325]], ""type"": ""LineString""}";47.13239365755,7.57850668757
420;Solothurn West - Moutier;Solothurn West (Abzw);Moutier;0.227;22.087;0;1000000;"{""coordinates"": [[7.52968472015, 47.2080243926], [7.38104429627, 47.2806725175]], ""type"": ""LineString""}";47.24434845505,7.45536450821
418;Anschlussgleis Herzogenbuchsee Nord;Herzogenbuchsee Nord (Ge);Herzogenbuchsee;65.5;66.715;0;1000000;"{""coordinates"": [[7.69511172865, 47.1969608842], [7.70095826853, 47.1880861283]], ""type"": ""LineString""}";47.19252350625,7.69803499859
417;Langenthal GB - Butzberg Ost (Agl);Langenthal GB;Butzberg Ost (Agl);60.376;62.3;0;1000000;"{""coordinates"": [[7.77006868277, 47.2147993223], [7.74487426962, 47.2125765365]], ""type"": ""LineString""}";47.2136879294,7.7574714761950005
416;Wanzwil - Inkwil (Tunnel Wolfacher Sud);Wanzwil (Abzw);Inkwil (Verzw);67.948;70.599;0;1000000;"{""coordinates"": [[7.69921294795, 47.1982449944], [7.66470435467, 47.1954896869]], ""type"": ""LineString""}";47.19686734065,7.68195865131
415;Wanzwil (Abzw) - Solothurn - Busswil;Wanzwil (Abzw);Busswil BE;67.957;101.864;0;1000000;"{""coordinates"": [[7.69921294795, 47.1982449944], [7.31862288564, 47.098684851]], ""type"": ""LineString""}";47.14846492270001,7.508917916795
414;Langenthal - St. Urban;Langenthal Gaswerk;St. Urban Ziegelei;1.095;6.98;0;1000000;"{""coordinates"": [[7.78205779382, 47.2249653058], [7.83621107997, 47.227444943]], ""type"": ""LineString""}";47.2262051244,7.809134436895
413;Langenthal - Niederbipp;Langenthal;Niederbipp;0.0;10.986;0;1000000;"{""coordinates"": [[7.78471513555, 47.2173028715], [7.69481806732, 47.2704017343]], ""type"": ""LineString""}";47.24385230290001,7.739766601435
412;Oensingen - Balsthal;Oensingen;Balsthal;0.006;4.015;0;1000000;"{""coordinates"": [[7.709870322, 47.2850351056], [7.69466870824, 47.3131931359]], ""type"": ""LineString""}";47.299114120750005,7.70226951512
411;Solothurn - Niederbipp;Solothurn;Niederbipp;0.0;14.548;0;1000000;"{""coordinates"": [[7.54268921098, 47.2041925029], [7.69481806732, 47.2704017343]], ""type"": ""LineString""}";47.2372971186,7.6187536391499995
410;Olten - Solothurn - Biel/Bienne;Olten;Biel/Bienne;39.292;99.369;0;1000000;"{""coordinates"": [[7.90769964791, 47.3519347593], [7.24291060323, 47.1328978709]], ""type"": ""LineString""}";47.2424163151,7.575305125570001
400;Lochligut - Wanzwil - Rothrist West;Lochligut (Abzw);Rothrist West (Abzw);4.849;55.228;0;1000000;"{""coordinates"": [[7.46595467657, 46.9805904013], [7.86606881423, 47.3016072246]], ""type"": ""LineString""}";47.14109881295,7.6660117454000005
365;Arona - Domodossola;Arona;Domodossola (I);0.0;55.55;0;1000000;"{""coordinates"": [[8.56096761052, 45.7535582075], [8.29623396744, 46.1152477754]], ""type"": ""LineString""}";45.93440299145,8.428600788979999
364;Gallarate - Laveno-Mombello;Gallarate;Laveno-Mombello;0.0;31.35;0;1000000;"{""coordinates"": [[8.79824689594, 45.6599808632], [8.62454689057, 45.9033113412]], ""type"": ""LineString""}";45.7816461022,8.711396893255
363;Arcisate - Gaggiolo Confine;Arcisate;Stabio (Confine di proprieta);6.129;10.773;0;1000000;"{""coordinates"": [[8.86292081379, 45.8585412883], [8.9092355804, 45.8379852447]], ""type"": ""LineString""}";45.8482632665,8.886078197095
362;Varese - Porto Ceresio;Varese;Porto Ceresio;0.0;14.24;0;1000000;"{""coordinates"": [[8.83307162148, 45.8160862276], [8.90004929725, 45.9037442782]], ""type"": ""LineString""}";45.8599152529,8.866560459365001
361;Gallarate - Varese;Gallarate;Varese;-0.12;18.46;0;1000000;"{""coordinates"": [[8.79824689594, 45.6599808632], [8.83307162148, 45.8160862276]], ""type"": ""LineString""}";45.7380335454,8.81565925871
360;Rho - Gallarate - Arona;Legnano;Arona;13.25;50.43;0;1000000;"{""coordinates"": [[8.91158757204, 45.5920646659], [8.56096761052, 45.7535582075]], ""type"": ""LineString""}";45.6728114367,8.73627759128
359;Busto Arsizio - Malpensa Aeroporto;Busto Arsizio;Malpensa Aeroporto T2;0.0;18.0;0;1000000;"{""coordinates"": [[8.86564192771, 45.6165002724], [8.72059050062, 45.6501087371]], ""type"": ""LineString""}";45.63330450475,8.793116214165
335;Lotschen - Gampel-Steg;Lotschen (Abzw);Gampel-Steg;43.811;49.948;0;1000000;"{""coordinates"": [[7.78547183298, 46.343638382], [7.74758116307, 46.3065154809]], ""type"": ""LineString""}";46.32507693145,7.766526498025
333;Frutigen - Adelrein (West);Frutigen Sud (Abzw);Adelrain (Abzw);14.056;15.763;0;1000000;"{""coordinates"": [[7.65010489229, 46.5829490131], [7.64415519812, 46.5681930353]], ""type"": ""LineString""}";46.5755710242,7.6471300452049995
332;Frutigen - Frutigen Nordportal (Ost);Frutigen Sud (Abzw);Frutigen Nordportal (Abzw);14.054;14.648;0;1000000;"{""coordinates"": [[7.65010489229, 46.5829490131], [7.64875890915, 46.577701242]], ""type"": ""LineString""}";46.58032512754999,7.64943190072
331;Wengi-Ey - Lotschberg - St.German (West);Mitholz (Spw);St. German (Abzw);21.677;50.176;0;1000000;"{""coordinates"": [[7.65729659093, 46.5168148769], [7.84409489603, 46.3061654866]], ""type"": ""LineString""}";46.41149018175,7.750695743480001
330;Wengi-Ey - Lotschberg - St.German (Ost);Wengi-Ey (Abzw);St. German (Abzw);10.204;50.119;0;1000000;"{""coordinates"": [[7.67424418274, 46.6124764699], [7.84409489603, 46.3061654866]], ""type"": ""LineString""}";46.459320978250005,7.759169539384999
321;Zweisimmen - Lenk;Zweisimmen;Lenk im Simmental;62.43;75.29;0;1000000;"{""coordinates"": [[7.37486190719, 46.5534825513], [7.44351776794, 46.4585822645]], ""type"": ""LineString""}";46.5060324079,7.409189837565
320;Spiez - Zweisimmen;Spiez (Abzw);Zweisimmen Gleisende;0.821;35.202;0;1000000;"{""coordinates"": [[7.67046865883, 46.6896899922], [7.37563723999, 46.5507244579]], ""type"": ""LineString""}";46.62020722505,7.523052949409999
318;Kleine Scheidegg - Jungfraujoch;Kleine Scheidegg;Jungfraujoch;0.0;9.3;0;1000000;"{""coordinates"": [[7.9613147822, 46.5851651991], [7.9819413898, 46.5474664013]], ""type"": ""LineString""}";46.5663158002,7.971628085999999
317;Grindelwald Grund - Grindelwald;Grindelwald Grund;Grindelwald;18.13;19.11;0;1000000;"{""coordinates"": [[8.02330687748, 46.6228260409], [8.03246523218, 46.6245330215]], ""type"": ""LineString""}";46.6236795312,8.027886054829999
316;Lauterbrunnen - Grindelwald Grund;Lauterbrunnen;Grindelwald Grund;0.0;18.13;0;1000000;"{""coordinates"": [[7.90800032369, 46.5983499339], [8.02330687748, 46.6228260409]], ""type"": ""LineString""}";46.6105879874,7.965653600585
314;Wilderswil - Schynige Platte;Wilderswil;Schynige Platte;0.0;7.26;0;1000000;"{""coordinates"": [[7.86921730926, 46.6611584829], [7.91114596077, 46.6523127895]], ""type"": ""LineString""}";46.6567356362,7.890181635015
313;Grutschalp - Murren;Grutschalp;Murren BLM;0.0;4.28;0;1000000;"{""coordinates"": [[7.89075842161, 46.5966209548], [7.89674422085, 46.5638072766]], ""type"": ""LineString""}";46.5802141157,7.89375132123
312;Zweilutschinen - Grindelwald;Zweilutschinen;Grindelwald;0.0;11.15;0;1000000;"{""coordinates"": [[7.89987557414, 46.6327923912], [8.03246523218, 46.6245330215]], ""type"": ""LineString""}";46.62866270635,7.96617040316
311;Interlaken Ost - Lauterbrunnen;Interlaken Ost;Lauterbrunnen;-0.18;12.3;0;1000000;"{""coordinates"": [[7.86901576116, 46.6905103537], [7.90800032369, 46.5983499339]], ""type"": ""LineString""}";46.644430143799994,7.888508042425
310;Thun - Spiez - Interlaken Ost;Thun (Eigentumsgrenze);Bonigen Gleisende;0.062;29.73;0;1000000;"{""coordinates"": [[7.63300366429, 46.7503503163], [7.8911996664, 46.6882065531]], ""type"": ""LineString""}";46.7192784347,7.762101665345001
302;Zweiter Mittalgrabentunnel;Mittalgrabentunnel Nord;Mittalgrabentunnel Sud;50.34;53.601;0;1000000;"{""coordinates"": [[7.75950623292, 46.351523912], [7.75727042235, 46.3230617617]], ""type"": ""LineString""}";46.33729283685,7.758388327635
301;alter Hondrichtunnel;Spiez Niesenbrucke (Abzw);Hondrich Sud;0.2;2.741;0;1000000;"{""coordinates"": [[7.68245847394, 46.6844901823], [7.67018399352, 46.6696951163]], ""type"": ""LineString""}";46.6770926493,7.67632123373
300;Spiez - Kandersteg - Brig;Spiez Niesenbrucke (Abzw);Brig-Lotschberg (Abzw);0.2;73.516;0;1000000;"{""coordinates"": [[7.68245847394, 46.6844901823], [7.98415559984, 46.3195658756]], ""type"": ""LineString""}";46.50202802895,7.83330703689
299;Thun AB - Thun;Thun (Abzw);Thun Schadau;136.15;137.98;0;1000000;"{""coordinates"": [[7.62122299102, 46.7601319542], [7.63102940411, 46.7470498119]], ""type"": ""LineString""}";46.753590883049995,7.626126197565
298;Bern Holligen - Thun Abzweigung;Bern Holligen;Thun (Abzw);2.707;33.601;0;1000000;"{""coordinates"": [[7.40904991621, 46.9464637746], [7.62122299102, 46.7601319542]], ""type"": ""LineString""}";46.8532978644,7.515136453615001
297;Bern Fischermatteli - Schwarzenburg;Bern Fischermatteli;Schwarzenburg Gleisende;3.527;20.989;0;1000000;"{""coordinates"": [[7.41212934785, 46.9417654348], [7.34106797401, 46.8186641469]], ""type"": ""LineString""}";46.88021479085,7.37659866093
295;Bern Zytglogge - Worb Dorf;Bern, Zytglogge;Worb Dorf;-0.48;9.68;0;1000000;"{""coordinates"": [[7.44795925758, 46.9468103172], [7.56226266104, 46.9299681013]], ""type"": ""LineString""}";46.93838920925,7.5051109593100005
294;Worb Dorf - Worblaufen;Worb Dorf;Worblaufen;9.68;20.87;0;1000000;"{""coordinates"": [[7.56226266104, 46.9299681013], [7.45795329711, 46.979192011]], ""type"": ""LineString""}";46.95458005615,7.510107979075
293;Unterzollikofen - Worblaufen;Unterzollikofen;Worblaufen;1.16;2.6;0;1000000;"{""coordinates"": [[7.4573002142, 46.9913355597], [7.45795329711, 46.979192011]], ""type"": ""LineString""}";46.98526378534999,7.457626755655001
292;Solothurn - Bern RBS;Solothurn;Bern RBS;0.0;33.62;0;1000000;"{""coordinates"": [[7.54268921098, 47.2041925029], [7.44034118187, 46.9510833697]], ""type"": ""LineString""}";47.0776379363,7.4915151964249995
291;Lochligut - Wankdorf;Lochligut Sud (Abzw);Wankdorf (Abzw);102.501;103.174;0;1000000;"{""coordinates"": [[7.47006568707, 46.9701712359], [7.4721375473, 46.9653248908]], ""type"": ""LineString""}";46.96774806335,7.471101617185
290;Bern Wylerfeld - Thun;Bern Wyler West (Abzw);Thun (Eigentumsgrenze);107.638;137.593;0;1000000;"{""coordinates"": [[7.44913410067, 46.9637567338], [7.63300366429, 46.7503503163]], ""type"": ""LineString""}";46.85705352505,7.541068882479999
268;Biel Depot Ost - Biel Aebistrasse;Biel/Bienne Depot Ost;Biel/Bienne Aebistrasse;98.11;98.843;0;1000000;"{""coordinates"": [[7.25837606837, 47.1308852573], [7.2490095631, 47.130649763]], ""type"": ""LineString""}";47.13076751015,7.253692815735
267;Biel Produktion Ost - Biel Madretsch;Biel Produktionsanlage Ost;Biel Madretsch;96.474;97.935;0;1000000;"{""coordinates"": [[7.26923619667, 47.1442817243], [7.25282647286, 47.1375135619]], ""type"": ""LineString""}";47.140897643100004,7.261031334765
266;Madretsch - Biel/Bienne RB West;Madretsch;Biel/Bienne Blumenrain;32.134;33.437;0;1000000;"{""coordinates"": [[7.25943499785, 47.1274801331], [7.26099760317, 47.138676293]], ""type"": ""LineString""}";47.13307821304999,7.26021630051
265;Biel Mett Abzweigung - Biel/Bienne Ost;Biel Mett (Abzw);Biel/Bienne Ost;95.814;97.622;0;1000000;"{""coordinates"": [[7.27628353133, 47.1476698926], [7.25924113567, 47.1366594579]], ""type"": ""LineString""}";47.14216467525,7.2677623335
264;Lyss West - Lyss Fulenmatt (Agl);Lyss West (Agl);Lyss Fulenmatt;99.791;101.495;0;1000000;"{""coordinates"": [[7.2985225042, 47.0792431734], [7.30891902917, 47.0908193773]], ""type"": ""LineString""}";47.085031275350005,7.303720766685
263;Studen Auto - Studen;Studen Auto;Studen BE;27.645;28.119;0;1000000;"{""coordinates"": [[7.3062944582, 47.1076486331], [7.30174956022, 47.1104380955]], ""type"": ""LineString""}";47.1090433643,7.30402200921
261;Biel - Tauffelen - Ins;Biel/Bienne [Gleis 11/voie 11];Ins;-1.03;20.16;0;1000000;"{""coordinates"": [[7.24323041119, 47.1318991752], [7.09956100561, 46.999831409]], ""type"": ""LineString""}";47.06586529209999,7.1713957084
260;Zollikofen Nord - Biel/Bienne Aebistr.;Zollikofen Nord (Abzw);Biel/Bienne Aebistrasse;8.152;33.069;0;1000000;"{""coordinates"": [[7.46588109412, 47.0076913913], [7.2490095631, 47.130649763]], ""type"": ""LineString""}";47.069170577150004,7.35744532861
259;Kerzers Sud - Kerzers SBB;Kerzers Sud (Abzw);Kerzers;84.66;84.811;0;1000000;"{""coordinates"": [[7.19248074003, 46.9737623845], [7.19281016807, 46.9750789633]], ""type"": ""LineString""}";46.9744206739,7.192645454049999
258;Kerzers West - Kerzers BLS;Kerzers West (Abzw);Kerzers BLS;21.966;22.198;0;1000000;"{""coordinates"": [[7.19208900316, 46.9736615303], [7.19168386654, 46.9756537968]], ""type"": ""LineString""}";46.974657663550005,7.19188643485
257;Flamatt - Laupen - Gummenen;Flamatt;Laupen BE Gleisende;-0.044;6.8;0;1000000;"{""coordinates"": [[7.31957081153, 46.8884913573], [7.23802026784, 46.9026070066]], ""type"": ""LineString""}";46.89554918195,7.278795539684999
256;Muntelier GFM - Ins;Muntelier;Ins;24.737;32.192;0;1000000;"{""coordinates"": [[7.13804224888, 46.94121401], [7.09956100561, 46.999831409]], ""type"": ""LineString""}";46.9705227095,7.118801627245
255;Givisiez - Murten;Givisiez Ouest;Murten/Morat;4.457;22.162;0;1000000;"{""coordinates"": [[7.11968351267, 46.8167576212], [7.11528264747, 46.9253466912]], ""type"": ""LineString""}";46.871052156199994,7.11748308007
254;Bulle - Romont;Bulle;Romont FR;0.0;18.089;0;1000000;"{""coordinates"": [[7.05483338136, 46.6179886335], [6.91181142012, 46.6935082612]], ""type"": ""LineString""}";46.65574844735,6.9833224007400005
253;Payerne Est - Fribourg Nord;Payerne Est (bif);Fribourg Nord;28.927;48.925;0;1000000;"{""coordinates"": [[6.94804024299, 46.8269960225], [7.1536022676, 46.8117085348]], ""type"": ""LineString""}";46.81935227865,7.050821255295
252;Yverdon Est - Payerne;Yverdon Est (bif);Payerne;0.485;27.895;0;1000000;"{""coordinates"": [[6.64694084895, 46.7801323175], [6.9398849232, 46.8196499592]], ""type"": ""LineString""}";46.79989113835,6.793412886075
251;Palezieux Est - Lyss Nord;Palezieux Est (bif);Lyss Nord;21.203;100.421;0;1000000;"{""coordinates"": [[6.8437249031, 46.5461818338], [7.30545048829, 47.0783453719]], ""type"": ""LineString""}";46.812263602849995,7.074587695695
250;Lausanne Est - Bern;Lausanne Est;Bern;0.522;97.103;0;1000000;"{""coordinates"": [[6.63443978813, 46.5141967125], [7.43913088992, 46.9488322905]], ""type"": ""LineString""}";46.7315145015,7.036785339025
245;Belfort - Delle;Belfort;Delle-Frontiere;442.68;464.698;0;1000000;"{""coordinates"": [[6.85196703027, 47.6352435852], [7.01287365684, 47.5028009638]], ""type"": ""LineString""}";47.5690222745,6.932420343555
241;Courtemaiche - Bure-Casernes;Courtemaiche;Bure-Casernes;0.0;4.935;0;1000000;"{""coordinates"": [[7.05538017512, 47.4558691837], [7.0115297727, 47.4538189734]], ""type"": ""LineString""}";47.454844078549996,7.03345497391
240;Delemont - Delle;Delemont;Delle-Frontiere;84.607;124.534;0;1000000;"{""coordinates"": [[7.3500633234, 47.3620127001], [7.01287365684, 47.5028009638]], ""type"": ""LineString""}";47.432406831950004,7.18146849012
238;Porrentruy - Bonfol;Porrentruy;Bonfol;0.0;10.893;0;1000000;"{""coordinates"": [[7.08007728509, 47.4209163831], [7.15547801824, 47.4740917351]], ""type"": ""LineString""}";47.4475040591,7.117777651664999
237;Combe-Tabeillon - Glovelier;Combe-Tabeillon;Glovelier;24.926;30.283;0;1000000;"{""coordinates"": [[7.15772413528, 47.313099881], [7.20931276817, 47.3352095199]], ""type"": ""LineString""}";47.324154700449995,7.183518451725
236;Le Noirmont - Combe-Tabeillon;Le Noirmont;Combe-Tabeillon;0.0;24.926;0;1000000;"{""coordinates"": [[6.98351328788, 47.2237661966], [7.15772413528, 47.313099881]], ""type"": ""LineString""}";47.2684330388,7.07061871158
235;Tavannes - Le Noirmont;Tavannes;La Chaux-de-Fonds;0.0;44.033;0;1000000;"{""coordinates"": [[7.20164538962, 47.2198446603], [6.82598272105, 47.0983743555]], ""type"": ""LineString""}";47.15910950789999,7.0138140553350015
234;La Chaux-de-Fonds - Les Ponts-de-Martel;La Chaux-de-Fonds;Les Ponts-de-Martel;0.0;16.23;0;1000000;"{""coordinates"": [[6.82598272105, 47.0983743555], [6.73657592689, 46.9998869448]], ""type"": ""LineString""}";47.04913065015,6.78127932397
233;Le Locle - Les Brenets;Le Locle;Les Brenets;0.0;4.12;0;1000000;"{""coordinates"": [[6.74615327632, 47.0578610419], [6.70732154517, 47.0671258617]], ""type"": ""LineString""}";47.062493451799995,6.726737410745001
232;Moutier - Lengnau Ost;Moutier;Lengnau Ost (Abzw);0.005;12.642;0;1000000;"{""coordinates"": [[7.38104429627, 47.2806725175], [7.37043967165, 47.1809325387]], ""type"": ""LineString""}";47.2308025281,7.375741983959999
230;Delemont Est - Basel SBB Ost;Delemont Est;Basel SBB Ost (Abzw);84.965;122.464;0;1000000;"{""coordinates"": [[7.35467128364, 47.3627585547], [7.59561994962, 47.5449363683]], ""type"": ""LineString""}";47.453847461500004,7.47514561663
226;Sonceboz-Sombeval - Moutier - Delemont;Sonceboz-Sombeval Ouest;Delemont;49.496;84.607;0;1000000;"{""coordinates"": [[7.15333726954, 47.193179438], [7.3500633234, 47.3620127001]], ""type"": ""LineString""}";47.277596069050006,7.25170029647
225;Biel/Bienne West - La Chaux-de-Fonds;Biel/Bienne West;La Chaux-de-Fonds Nord;34.119;77.401;0;1000000;"{""coordinates"": [[7.23934270911, 47.1337456984], [6.83045274464, 47.0999596176]], ""type"": ""LineString""}";47.116852658,7.034897726875
224;Chambrelien Nord - Le Locle (Frontiere);Chambrelien Nord (bif);Le Locle-Frontiere;10.585;39.58;0;1000000;"{""coordinates"": [[6.81355093422, 46.9684210833], [6.7169422107, 47.0502175411]], ""type"": ""LineString""}";47.0093193122,6.765246572460001
223;Neuchatel-Vauseyon - Chambrelien;Neuchatel-Vauseyon (bif);Chambrelien (cul-de-sac);1.373;10.735;0;1000000;"{""coordinates"": [[6.91961265098, 46.9919373962], [6.80869077501, 46.9654341602]], ""type"": ""LineString""}";46.9786857782,6.864151712995
222;Fleurier - St-Sulpice;Fleurier;St-Sulpice NE;0.0;1.61;0;1000000;"{""coordinates"": [[6.58131693222, 46.9047615746], [6.56443058642, 46.9090596884]], ""type"": ""LineString""}";46.9069106315,6.57287375932
221;Travers limite RVT - Buttes;Travers;Buttes;0.0;11.958;0;1000000;"{""coordinates"": [[6.67656165588, 46.942411535], [6.55319061913, 46.8883449454]], ""type"": ""LineString""}";46.9153782402,6.614876137505
220;Bern - Neuchatel Est (bif);Bern Henkerbrunnli;Neuchatel Est (bif);-0.4;42.087;0;1000000;"{""coordinates"": [[7.43884943564, 46.9535221375], [6.94535220902, 47.000487583]], ""type"": ""LineString""}";46.977004860250005,7.19210082233
219;Auvernier - Les Verrieres frontiere;Auvernier;Les Verrieres-Frontiere;4.979;41.065;0;1000000;"{""coordinates"": [[6.87770804418, 46.9796416688], [6.45900262048, 46.8991653952]], ""type"": ""LineString""}";46.939403532,6.66835533233
218;Frasne - Les Verrieres frontiere;Frasne;Les Verrieres-Frontiere;437.155;464.84;0;1000000;"{""coordinates"": [[6.15776699638, 46.8575960001], [6.45900262048, 46.8991653952]], ""type"": ""LineString""}";46.87838069765,6.3083848084300005
217;Besancon - Le Locle-Frontiere;Morteau;Le Locle-Frontiere;471.95;481.74;0;1000000;"{""coordinates"": [[6.60472819713, 47.0535787422], [6.7169422107, 47.0502175411]], ""type"": ""LineString""}";47.05189814165,6.660835203915
216;Cornaux - Raffinerie - Juracime;Cornaux NE;Cornaux fin des voies;0.0;2.0;0;1000000;"{""coordinates"": [[7.02336566239, 47.0385720313], [7.02948907191, 47.0306351656]], ""type"": ""LineString""}";47.034603598450005,7.02642736715
215;Neuchatel - Neuchatel Est;Neuchatel;Neuchatel Est (bif);75.295;76.138;0;1000000;"{""coordinates"": [[6.93570169412, 46.9967267926], [6.94535220902, 47.000487583]], ""type"": ""LineString""}";46.998607187800005,6.940526951569999
212;Yverdon - Ste-Croix;Yverdon-les-Bains;Ste-Croix;-0.095;24.16;0;1000000;"{""coordinates"": [[6.64094400151, 46.781545187], [6.50070486274, 46.8194350554]], ""type"": ""LineString""}";46.8004901212,6.570824432125001
211;Chavornay - Orbe;Chavornay Sud (bif);Orbe;-0.127;3.916;0;1000000;"{""coordinates"": [[6.56786458691, 46.7088461731], [6.53014301172, 46.7244083662]], ""type"": ""LineString""}";46.716627269650004,6.549003799315
210;Daillens - Biel/Bienne;Daillens (bif);Biel/Bienne;19.115;104.5;0;1000000;"{""coordinates"": [[6.5464284819, 46.6374980871], [7.24291060323, 47.1328978709]], ""type"": ""LineString""}";46.885197979,6.894669542565
206;Renens VD Ouest - Bussigny Est;Renens VD Ouest (bif);Bussigny Est (bif);5.187;6.338;0;1000000;"{""coordinates"": [[6.57208700737, 46.5407882914], [6.55843913114, 46.5449587988]], ""type"": ""LineString""}";46.542873545099994,6.565263069255
203;Frasne - Vallorbe;Frasne;Vallorbe;437.16;461.63;0;1000000;"{""coordinates"": [[6.15776699638, 46.8575960001], [6.37056563541, 46.7124063243]], ""type"": ""LineString""}";46.785001162200004,6.264166315895
201;Le Day - Le Brassus;Le Day Sud (bif);Le Brassus;3.005;24.438;0;1000000;"{""coordinates"": [[6.40006236654, 46.7184976851], [6.21394488318, 46.5855439414]], ""type"": ""LineString""}";46.65202081325,6.30700362486
200;Renens VD Ouest - Vallorbe;Renens VD Ouest (bif);Vallorbe;5.18;46.306;0;1000000;"{""coordinates"": [[6.57208700737, 46.5407882914], [6.37056563541, 46.7124063243]], ""type"": ""LineString""}";46.62659730785,6.47132632139
194;Roche-sur-Foron - Gervais-les-Bains-Faye;La Roche-sur-Foron;St-Gervais-les-Bains-Le Fayet;0.015;46.943;0;1000000;"{""coordinates"": [[6.30372599966, 46.0674909949], [6.70128300419, 45.9065210005]], ""type"": ""LineString""}";45.98700599769999,6.502504501924999
193;Annecy - Annemasse;Annecy;Annemasse;39.594;94.668;0;1000000;"{""coordinates"": [[6.12183299984, 45.9022109954], [6.23620010296, 46.1994013141]], ""type"": ""LineString""}";46.05080615475,6.1790165514
192;Annemasse - Evian-les-Bains;Annemasse;Evian-les-Bains;172.708;211.461;0;1000000;"{""coordinates"": [[6.23620010296, 46.1994013141], [6.57842699969, 46.3977530001]], ""type"": ""LineString""}";46.29857715709999,6.407313551325
191;Bellegarde (Ain) - La Plaine-Frontiere;Bellegarde (Ain);La Plaine-Frontiere;134.232;152.328;0;1000000;"{""coordinates"": [[5.82567700195, 46.1105169968], [5.9905811644, 46.1774395649]], ""type"": ""LineString""}";46.14397828084999,5.908129083175001
176;Lausanne-Sebeillon - Lausanne-TRIDEL;Lausanne-Sebeillon;Lausanne TRIDEL;-0.045;3.969;0;1000000;"{""coordinates"": [[6.61102936515, 46.5242746924], [6.64551224614, 46.5335040037]], ""type"": ""LineString""}";46.52888934805,6.628270805645
175;Lausanne - (LSSB) - Renens VD Est;Lausanne (bif);Renens VD Est (bif);1.126;3.786;0;1000000;"{""coordinates"": [[6.61603708988, 46.5208764119], [6.5870726329, 46.533255628]], ""type"": ""LineString""}";46.52706601995,6.6015548613899995
172;Lausanne-Triage  A/B - B;Lausanne-Triage A/B;Lausanne-Triage B;8.1;8.511;0;1000000;"{""coordinates"": [[6.54396967858, 46.52979696], [6.53931175308, 46.5280671379]], ""type"": ""LineString""}";46.52893204895,6.541640715830001
171;Lausanne-Triage F - Lausanne-Triage Sud;Lausanne-Triage Ouest;Lausanne-Triage Sud;10.651;11.475;0;1000000;"{""coordinates"": [[6.52357218424, 46.5241566673], [6.53399425012, 46.52498249]], ""type"": ""LineString""}";46.52456957865,6.52878321718
170;Lausanne-Triage (Est - Sud);Lausanne-Triage Est;Lausanne-Triage Sud;7.118;9.052;0;1000000;"{""coordinates"": [[6.55347427058, 46.5356833039], [6.53399425012, 46.52498249]], ""type"": ""LineString""}";46.53033289695,6.54373426035
169;Lausanne-Triage sect. - Bussigny;Lausanne-Triage sectionnement;Bussigny;10.267;14.92;0;1000000;"{""coordinates"": [[6.52129645154, 46.5210675228], [6.55182614923, 46.5475903675]], ""type"": ""LineString""}";46.53432894515,6.536561300384999
168;Archy A - Lausanne-Triage Nord;Archy A (bif);Lausanne-Triage Nord;5.909;6.746;0;1000000;"{""coordinates"": [[6.56377169322, 46.543493585], [6.55602601775, 46.5390273868]], ""type"": ""LineString""}";46.5412604859,6.559898855485
167;Lausanne-Triage D - Lausanne-Triage C;Lausanne-Triage D;Lausanne-Triage C;7.696;7.96;0;1000000;"{""coordinates"": [[6.54762625942, 46.5324303042], [6.54507657651, 46.5308366981]], ""type"": ""LineString""}";46.53163350115,6.546351417965
166;Renens VD Ouest - Lausanne-Triage Est;Renens VD Ouest (bif);Lausanne-Triage Est;5.18;7.256;0;1000000;"{""coordinates"": [[6.57208700737, 46.5407882914], [6.55347427058, 46.5356833039]], ""type"": ""LineString""}";46.53823579765,6.562780638975
165;Lausanne-Triage Est - Bussigny-Scheu.;Lausanne-Triage Est;Bussigny-Scheuchzer (bif);13.39;14.506;0;1000000;"{""coordinates"": [[6.55347427058, 46.5356833039], [6.55556955105, 46.5448766402]], ""type"": ""LineString""}";46.54027997205,6.554521910815
164;Lecheires - Denges A;Lecheires (bif);Denges A (bif);7.36;8.267;0;1000000;"{""coordinates"": [[6.55087772931, 46.5347871365], [6.54181125369, 46.5295507889]], ""type"": ""LineString""}";46.5321689627,6.546344491499999
163;Lausanne-Triage D - Denges B;Lausanne-Triage D;Denges B (bif);7.718;8.03;0;1000000;"{""coordinates"": [[6.54762625942, 46.5324303042], [6.54434169958, 46.5307684935]], ""type"": ""LineString""}";46.53159939885,6.545983979500001
162;Lausanne-Triage P1 - Lonay B;Lausanne-Triage P1;Lonay B (bif);9.404;9.711;0;1000000;"{""coordinates"": [[6.52811303923, 46.5257328802], [6.52433932758, 46.5248086896]], ""type"": ""LineString""}";46.5252707849,6.526226183405
161;Lausanne-Triage F - Lonay A (bif);Lausanne-Triage F;Lonay A (bif);9.3;9.999;0;1000000;"{""coordinates"": [[6.52970648763, 46.5253115439], [6.5210152788, 46.5236124649]], ""type"": ""LineString""}";46.5244620044,6.525360883215001
160;Renens VD Ouest - Lausanne-Triage sect.;Renens VD Ouest (bif);Lausanne-Triage sectionnement;5.18;10.267;0;1000000;"{""coordinates"": [[6.57208700737, 46.5407882914], [6.52129645154, 46.5210675228]], ""type"": ""LineString""}";46.5309279071,6.546691729455
159;Nyon - Eysins;Nyon (bif);Eysins (embr);0.273;2.665;0;1000000;"{""coordinates"": [[6.23365265309, 46.38256173], [6.20401487285, 46.3813982369]], ""type"": ""LineString""}";46.38197998344999,6.218833762970001
158;Geneve Poste 1 - Geneve FB - Geneve;Geneve Poste 1;Geneve;59.4;60.236;0;1000000;"{""coordinates"": [[6.14436531992, 46.2175770911], [6.14245159514, 46.2102128988]], ""type"": ""LineString""}";46.213894994949996,6.143408457530001
157;Apples - L'Isle-Mont-la-Ville;Apples;L'Isle;0.0;10.6;0;1000000;"{""coordinates"": [[6.42313275395, 46.550924112], [6.41111064285, 46.6174340781]], ""type"": ""LineString""}";46.58417909505,6.4171216984
156;Morges - Biere;Morges;Biere;0.0;19.08;0;1000000;"{""coordinates"": [[6.49396950064, 46.5111011979], [6.33643154068, 46.5373407004]], ""type"": ""LineString""}";46.52422094915,6.415200520659998
155;Nyon - St-Cergue - La Cure;Nyon;La Cure;0.0;26.96;0;1000000;"{""coordinates"": [[6.23596613063, 46.3844189675], [6.07358895061, 46.4653886184]], ""type"": ""LineString""}";46.42490379295,6.15477754062
154;Furet - Jonction;Furet (bif);Jonction (Geneve);0.0;0.941;0;1000000;"{""coordinates"": [[6.11551600358, 46.2087541607], [6.12085652522, 46.2018268164]], ""type"": ""LineString""}";46.205290488550006,6.1181862644
153;St-Jean - Geneve-La Praille;Carouge-Bachet (saut km);Geneve-La-Praille (cul-de-sac);65.409;66.9;0;1000000;"{""coordinates"": [[6.12691506699, 46.1753773474], [6.13115827564, 46.1859708541]], ""type"": ""LineString""}";46.18067410075,6.129036671314999
152;St-Jean - Geneve-Eaux-Vives - Annemasse;St-Jean (bif);Annemasse;61.59;76.39;0;1000000;"{""coordinates"": [[6.12772254121, 46.2055529994], [6.23620010296, 46.1994013141]], ""type"": ""LineString""}";46.20247715674999,6.181961322084999
151;Geneve St-Jean - La Plaine-Frontiere;St-Jean (bif);La Plaine-Frontiere;61.59;75.559;0;1000000;"{""coordinates"": [[6.12772254121, 46.2055529994], [5.9905811644, 46.1774395649]], ""type"": ""LineString""}";46.19149628215,6.059151852805
150;Lausanne - Geneve-Aeroport;Lausanne;Geneve-Aeroport (cul-de-sac);0.0;66.6;0;1000000;"{""coordinates"": [[6.6290923032, 46.5167918355], [6.11577721763, 46.2352666165]], ""type"": ""LineString""}";46.376029226,6.3724347604150005
149;Gland Ballastiere;Gland Ouest;Gland Ballastiere;34.23;34.7;0;1000000;"{""coordinates"": [[6.26568872888, 46.4168433737], [6.26066186629, 46.4186572433]], ""type"": ""LineString""}";46.4177503085,6.263175297585001
146;Domodossola II - Domodossola bivio;Domo II;Domodossola (bif);0.0;6.269;0;1000000;"{""coordinates"": [[8.28690999942, 46.0713939988], [8.29288784714, 46.1252902273]], ""type"": ""LineString""}";46.098342113049995,8.289898923279999
145;Domodossola - Iselle;Domodossola (I);Iselle di Trasquera;0.0;18.799;0;1000000;"{""coordinates"": [[8.29623396744, 46.1152477754], [8.20701407234, 46.2070085838]], ""type"": ""LineString""}";46.1611281796,8.251624019889999
142;Zermatt - Gornergrat;Zermatt GGB;Gornergrat;0.0;9.347;0;1000000;"{""coordinates"": [[7.74867170807, 46.023944578], [7.78219268401, 45.9833125897]], ""type"": ""LineString""}";46.00362858385,7.76543219604
140;Brig - Visp - Zermatt;Brig MGB-fo;Zermatt;0.002;43.867;0;1000000;"{""coordinates"": [[7.9883625254, 46.3190304929], [7.74828106379, 46.0244734001]], ""type"": ""LineString""}";46.171751946499995,7.868321794595001
134;Sembrancher - Le Chable;Sembrancher;Le Chable VS;30.12;36.326;0;1000000;"{""coordinates"": [[7.14583205021, 46.0769312804], [7.21486016547, 46.0793423631]], ""type"": ""LineString""}";46.07813682174999,7.18034610784
133;Martigny - Orsieres;Martigny;Orsieres;0.017;19.343;0;1000000;"{""coordinates"": [[7.07912412849, 46.1058312072], [7.14361780689, 46.0280368431]], ""type"": ""LineString""}";46.06693402515,7.11137096769
132;Martigny - Le Chatelard-Frontiere;Martigny;Le Chatelard-Frontiere;0.0;18.1;0;1000000;"{""coordinates"": [[7.07912412849, 46.1058312072], [6.94993121254, 46.0534841867]], ""type"": ""LineString""}";46.079657696949994,7.014527670515
131;Les Paluds - St-Gingolph (Frontiere);Les Paluds;Bret [F];1.472;29.975;0;1000000;"{""coordinates"": [[7.00042308458, 46.229569314], [6.76762162349, 46.3983340958]], ""type"": ""LineString""}";46.313951704900006,6.884022354035
130;Monthey-En Place - Champery;Monthey-En Place;Champery;0.0;12.26;0;1000000;"{""coordinates"": [[6.94619086454, 46.2602784731], [6.87127794226, 46.1750068181]], ""type"": ""LineString""}";46.217642645599994,6.9087344034000004
129;Aigle - Ollon - Monthey-Ville;Aigle;Monthey-Ville;0.0;11.165;0;1000000;"{""coordinates"": [[6.96368321186, 46.3168554186], [6.94734992899, 46.254031565]], ""type"": ""LineString""}";46.285443491799995,6.955516570425
128;Villars - Col-de-Bretaye;Villars-sur-Ollon;Col-de-Bretaye;0.0;4.652;0;1000000;"{""coordinates"": [[7.0559185789, 46.2965526464], [7.07339720446, 46.3219341346]], ""type"": ""LineString""}";46.3092433905,7.06465789168
127;Bex - Villars;Bex;Villars-sur-Ollon;0.0;12.436;0;1000000;"{""coordinates"": [[7.00066990236, 46.2514645823], [7.0559185789, 46.2965526464]], ""type"": ""LineString""}";46.27400861435,7.028294240629999
126;Aigle-Depot - Leysin;Aigle-Depot;Leysin-Grand-Hotel;1.03;6.207;0;1000000;"{""coordinates"": [[6.97474707856, 46.3184221158], [7.00647019005, 46.3455813795]], ""type"": ""LineString""}";46.33200174765,6.990608634305
125;Aigle - Aigle-Depot;Aigle;Aigle-Depot;0.0;1.03;0;1000000;"{""coordinates"": [[6.96368321186, 46.3168554186], [6.97474707856, 46.3184221158]], ""type"": ""LineString""}";46.31763876719999,6.969215145210001
124;Les Planches - Les Diablerets;Les Planches (Aigle);Les Diablerets;12.771;23.344;0;1000000;"{""coordinates"": [[7.05511103061, 46.3556075013], [7.14263676764, 46.3513281688]], ""type"": ""LineString""}";46.35346783505,7.0988738991249996
123;Aigle - Le Sepey;Aigle;Le Sepey;0.0;13.779;0;1000000;"{""coordinates"": [[6.96368321186, 46.3168554186], [7.05287034619, 46.3600977198]], ""type"": ""LineString""}";46.338476569200004,7.008276779025
122;Glion - Rochers-de-Naye;Glion;Rochers-de-Naye;0.0;7.63;0;1000000;"{""coordinates"": [[6.92472788526, 46.4317785498], [6.97845860595, 46.4320093428]], ""type"": ""LineString""}";46.43189394630001,6.951593245605
121;Montreux - Glion;Montreux MVR-mtgn;Glion;0.0;2.73;0;1000000;"{""coordinates"": [[6.91297909331, 46.4358627524], [6.92472788526, 46.4317785498]], ""type"": ""LineString""}";46.4338206511,6.918853489285
120;Montreux - Zweisimmen;Montreux MOB;Zweisimmen;0.0;62.43;0;1000000;"{""coordinates"": [[6.91265033409, 46.4362210753], [7.37486190719, 46.5534825513]], ""type"": ""LineString""}";46.4948518133,7.14375612064
119;Bulle - Broc-Fabrique;Bulle;Broc-Fabrique;0.0;5.44;0;1000000;"{""coordinates"": [[7.05483338136, 46.6179886335], [7.10958976002, 46.6054972948]], ""type"": ""LineString""}";46.61174296415,7.08221157069
118;Chatel-St-Denis - Montbovon;Chatel-St-Denis;Montbovon;0.0;36.67;0;1000000;"{""coordinates"": [[6.89860941633, 46.5261577982], [7.04246496711, 46.4859552487]], ""type"": ""LineString""}";46.50605652345,6.97053719172
117;Palezieux - Chatel-St-Denis;Palezieux;Chatel-St-Denis;0.003;6.78;0;1000000;"{""coordinates"": [[6.83787527681, 46.5427635936], [6.89860941633, 46.5261577982]], ""type"": ""LineString""}";46.5344606959,6.86824234657
114;Blonay - Chamby;Blonay;Chamby;0.0;2.95;0;1000000;"{""coordinates"": [[6.89563167877, 46.4659170359], [6.91350007285, 46.4491789781]], ""type"": ""LineString""}";46.457548007,6.90456587581
113;Blonay - Les Pleiades;Blonay;Les Pleiades;0.0;4.79;0;1000000;"{""coordinates"": [[6.89563167877, 46.4659170359], [6.90991241626, 46.4833015492]], ""type"": ""LineString""}";46.47460929255,6.9027720475150005
112;Vevey - Blonay;Vevey;Blonay;0.0;5.72;0;1000000;"{""coordinates"": [[6.84344559824, 46.4630018107], [6.89563167877, 46.4659170359]], ""type"": ""LineString""}";46.4644594233,6.869538638505
111;Vevey Ouest - Puidoux-Chexbres;Vevey Ouest (bif);Puidoux;0.763;7.829;0;1000000;"{""coordinates"": [[6.83611717751, 46.4676302842], [6.76568648465, 46.4938412288]], ""type"": ""LineString""}";46.480735756499996,6.80090183108
109;Simplon Tunnel II;Brig Tunnel;Iselle portail tunnel;147.15;166.973;0;1000000;"{""coordinates"": [[8.00694229803, 46.3245679145], [8.2005544547, 46.2076843094]], ""type"": ""LineString""}";46.26612611195,8.103748376365001
107;Brig-Lotschberg (Abzw) Brig Tunnel;Brig-Lotschberg (Abzw);Brig Tunnel;145.246;147.135;0;1000000;"{""coordinates"": [[7.98415559984, 46.3195658756], [8.00694229803, 46.3245679145]], ""type"": ""LineString""}";46.32206689505,7.995548948934999
101;Lausanne-Flon - Bercher;Lausanne-Flon;Bercher;-0.8;22.82;0;1000000;"{""coordinates"": [[6.63027409462, 46.5202008587], [6.70357876296, 46.6929277632]], ""type"": ""LineString""}";46.60656431095,6.66692642879
100;Lausanne - Simplon Tunnel I - Iselle;Lausanne;Iselle di Trasquera;0.0;167.478;0;1000000;"{""coordinates"": [[6.6290923032, 46.5167918355], [8.20701407234, 46.2070085838]], ""type"": ""LineString""}";46.36190020965,7.41805318777
